name,price,discount,final_price,view_count,vote_count,discount_code,product_url
India's Most Effective Portable Air Purifier (Blush Pink),3199,20,2559.2,47753,4,TOASTD20,https://www.toastd.in/product/atovio-pebble-portable-air-purifier-blush-pink
F1 Monaco 3D Wall Frame (Geographic),2249,10,2024.1,45887,14,TOASTD10,https://www.toastd.in/product/unit01labs-f1-monaco-3d-poster-geographic
GOKU Rug,8999,0,8999,43290,3,,https://www.toastd.in/product/just-rugs-co-goku-rug
Aruval / BLADELINE,4500,5,4275,42888,0,TOASTD5,https://www.toastd.in/product/51x49-aruval-olive-green
MEMENTO MORI | LIFE CALENDER - METAL FRAME - RED STYLE,1997,10,1797.3,42397,0,TOASTD10,https://www.toastd.in/product/shenzation-memento-mori-life-calendar-metal-frame-red
Heat 551 Chest Bag,2800,5,2660,41885,4,TOASTD5,https://www.toastd.in/product/51x49-heat-551-chest-bag
Strobe Dual Handle Bag - Navy,2650,15,2252.5,40098,0,TOASTD15,https://www.toastd.in/product/no-more-strobe-dual-handle-bag-navy
VINTAGE BOLLYWOOD - WALL COLLAGE POSTERS,599,5,569.05,40037,2,TOASTD5,https://www.toastd.in/product/reawakentheory-vintage-bollywood-wall-collage-posters
Mango Madness (PACK OF 7),770,10,693,39475,1,toasted10,https://www.toastd.in/product/goat-life-mango-madness
Umi - The Ocean,1799,15,1529.15,38667,9,TOASTD15,https://www.toastd.in/product/okami-life-umi-the-ocean
Spring Ball Lamp,2950,0,2950,38148,3,,https://www.toastd.in/product/bow-homes-spring-ball-lamp
MIRROR SPECTACULAR,3999,10,3599.1,37526,1,TOASTD10,https://www.toastd.in/product/we-are-notice-convex-mirror
GoOats Protein Oats- Tiramisu Flavour,649,10,584.1,36831,4,toasted10,https://www.toastd.in/product/goatlife-taramisu
Perpetual Calendar - WeAreNotice,1499,10,1349.1,36766,10,TOASTD10,https://www.toastd.in/product/we-are-notice-perpetual
Yoru - The Night,1999,15,1699.15,36713,6,TOASTD15,https://www.toastd.in/product/okami-life-yoru-the-night
CALL ME IF YOU GET LOST MIRROR,3599,5,3419.05,36698,0,TOASTD5,https://www.toastd.in/product/reawakentheory-call-me-if-you-get-lost-mirror
Dark Knight Hoodie,3699,10,3329.1,36691,0,TOASTD10,https://www.toastd.in/product/ctrlplus-dark-knight-hoodie
DIY Fluid Wheel Art Kit,1799,15,1529.15,36683,2,TOASTD15,https://www.toastd.in/product/kitsters-diy-fluid-wheel-art
TRIDENT PENDANT WITH CHAIN (SILVER),999,10,899.1,36674,0,Toastd10,https://www.toastd.in/product/grytt-trident-pendant-with-chain-silver
Droid sipper flask,1799,5,1709.05,36669,0,TOSTO5,https://www.toastd.in/product/stotodo-tank
ONE PIECE WANTED POSTERS - WALL COLLAGE POSTERS,599,5,569.05,36134,1,TOASTD5,https://www.toastd.in/product/reawakentheory-one-piece-wanted-posters-wall-collage-posters
BAT WASHED T-SHIRT,899,10,809.1,35259,3,TOASTD10,https://www.toastd.in/product/ctrlplus-bat-washed-t-shirt
CARGO WANDERER BACKPACK - Beige,5850,15,4972.5,34272,4,TOASTD15,https://www.toastd.in/product/no-more-cargo-wanderer-244-16-backpack
Taylor Swift Vinyl Collage Posters,599,5,569.05,34150,0,TOASTD5,https://www.toastd.in/product/reawakentheory-taylor-swift-wall-collage-posters
ITâ€™S A YES! RING - 18K GOLD-PLATED,1499,10,1349.1,32163,1,Toastd10,https://www.toastd.in/product/bria-jewels-it-s-a-yes-ring-18k-gold-plated
Zesty Lemon Iced Tea (Sugar-Free) ,399,10,359.1,31801,27,TOASTD10,https://www.toastd.in/product/guppymoms-lemon-iced-tea
DIY Korean Gochujang Ramen Kit for 2,949.5,20,759.6,30363,1,TOASTD20,https://www.toastd.in/product/chefling-korean-gochujang-ramen-kit-for-2
Kitsters X Chefling â€“ Sushi Kit for 2,1299,15,1104.15,30341,52,TOASTD15,https://www.toastd.in/product/kitsters-x-chefling-sushi-kit-for-2
DIY Light Bottle Painting Kit,899,15,764.15,26626,58,TOASTD15,https://www.toastd.in/product/kitsters-diy-bottle-painting-kit
Minimalist Barefoot Shoe,4799,10,4319.1,25337,96,TOASTD10,https://www.toastd.in/product/zenbarefoot-origin
HABIT TRACKER,299,10,269.1,21675,32,TOASTD10,https://www.toastd.in/product/shenzation-habit-tracker-12-months
Serve Air Pickleball Paddle,2999,15,2549.15,15160,5,Toastd15,https://www.toastd.in/product/serve-club-air-pickleball-paddle
PureFlow Nasal Strips ,699,10,629.1,11035,95,TOASTD10,https://www.toastd.in/product/pureflow-nasal-strips
American Trail Mix (150g pack),400,10,360,9445,15,TOASTD10,https://www.toastd.in/product/atomeats-american-trail-mix
DIY Texture Painting Kit,1499,15,1274.15,9356,28,TOASTD15,https://www.toastd.in/product/kitsters-texture-painting-kit
Taylor Swift Vinyl Record Posters,1499,5,1424.05,6789,24,TOASTD5,https://www.toastd.in/product/reawakentheory-vinyl-records-taylor-swift
Serve Pro Pickleball Paddle,7999,15,6799.15,5518,25,Toastd15,https://www.toastd.in/product/serve-club-pro-pickleball-paddle
3D Printed Halo Lamp,3800,15,3230,5283,29,OGOTOASTD,https://www.toastd.in/product/onegoodobject-halo-lamp
Cherry Bag Charm,899,10,809.1,5243,22,TOASTD10,https://www.toastd.in/product/shopgutsco-cherry-bag-charm
STOP SIGN - AESTHETIC ROAD SIGNS,3499,5,3324.05,5032,17,TOASTD5,https://www.toastd.in/product/reawakentheory-stop-sign-aesthetic-road-signs
Kitsters â€“ S.S. Sling Bag,1999,15,1699.15,4866,29,TOASTD15,https://www.toastd.in/product/kitsters-s-s-sling-bag
A Deo That Performes Under Intense Activities,399,10,359.1,4731,29,TOASTD10,https://www.toastd.in/product/oneathletics-supernova
PERRY Tote Bag,1743,15,1481.55,4277,13,Toastd15,https://www.toastd.in/product/tokike-tote-bags-perry
 2 Air Fiber Glass Paddles & 2 Balls,5500,15,4675,4062,37,Toastd15,https://www.toastd.in/product/serve-air-pickleball-paddle-set
Godpill Testosterone Supplement for Men (30 servings),899,15,764.15,4010,2,TOASTD15,https://www.toastd.in/product/chamberofgods-godpill-testosterone-booster-supplement
3D Printed Poco Circle Lamp,1950,15,1657.5,3807,9,OGOTOASTD,https://www.toastd.in/product/onegoodobject-poco-circle-lamp
Edulis Fungus Lamp,2599,10,2339.1,3674,14,TOASTD10,https://www.toastd.in/product/unit01labs-edulis-fungus-lamp-1
Dopamine Cookies (Box of 6),1250,10,1125,3274,28,TOASTD10,https://www.toastd.in/product/dopaminecookies-box-of-6
Clear Gut | Improves Gut Health | Pleasant Herbal Taste,599,10,539.1,3102,22,TOASTD10,https://www.toastd.in/product/blume-life-gut-detox-drop
"Original Indian Masala Chai | Bold Assam CTC Blend, Traditional Spice Harmony | 200g",340,10,306,2739,21,TOASTD10,https://www.toastd.in/product/guppymoms-masala-chai
Sober & Co Sampler: Try All Our Flavours!,499,20,399.2,2395,14,TOASTD20,https://www.toastd.in/product/sober-and-co-sampler-try-all-our-flavours
MAGMATE Classic - Fun Magnetic Game,599,20,479.2,2379,34,TOASTD20,https://www.toastd.in/product/adeloft-magmate-fun-table
VINYL RECORDS - TRAVIS SCOTT Poster,1499,5,1424.05,2313,10,TOASTD5,https://www.toastd.in/product/reawakentheory-vinyl-records-travis-scott
100% Ready to Eat Yummy Dips ,758,21,598.82,2292,17,TOASTD21,https://www.toastd.in/product/eatatlas-the-perfect-trio
Dubai Bling Earrings,949,10,854.1,2289,39,TOASTD10,https://www.toastd.in/product/shopgutsco-dubai-bling-earrings
Nutella Sea Salt â€“ The Cookie That Knows What You Need,250,10,225,2265,15,TOASTD10,https://www.toastd.in/product/dopaminecookies-nutella-sea-salt
White Chocolate Macadamia Cookie ,250,10,225,2187,27,TOASTD10,https://www.toastd.in/product/dopaminecookies-white-chocolate-macadamia
DIY Solar Printing Cyanotype Kit,1750,15,1487.5,2072,32,TOASTD15,https://www.toastd.in/product/kitsters-diy-solar-printing-cyanotype-kit
FORMULA 1 WALL COLLAGE POSTERS,599,5,569.05,2060,23,TOASTD5,https://www.toastd.in/product/reawakentheory-formula-1-wall-collage-posters
Truffle Potato Chips Party Pack,600,10,540,2052,10,TOASTD10,https://www.toastd.in/product/atomeats-truffle-potato-chips
DIY UV Resin Pendant Kit,1999,15,1699.15,1916,11,TOASTD15,https://www.toastd.in/product/kitsters-diy-resin-pendant-kit
MEMENTO MORI | LIFE CALENDER - METAL FRAME,1997,10,1797.3,1845,7,TOASTD10,https://www.toastd.in/product/shenzation-memento-mori-life-calendar-basic
Litele Duo â€“ A Smart Lamp That Understands You ðŸ’¡âœ¨,5999,15,5099.15,1821,21,OGOTOASTD,https://www.toastd.in/product/onegoodobject-litele-duo-white
Red Bull Ring F1 Track 3D Wall Frame,1699,10,1529.1,1814,6,TOASTD10,https://www.toastd.in/product/unit01labs-red-bull-ring-f1-track-3d-wall-frame
The Perfect Set - Ruby & Morganite Body Serum Candles,2199,10,1979.1,1804,20,TOASTD10,https://www.toastd.in/product/mevyl-set-of-2
SPACEWAVE AESTHETIC - WALL COLLAGE POSTERS,599,5,569.05,1775,2,TOASTD5,https://www.toastd.in/product/reawakentheory-spacewave-aesthetic-wall-collage-posters
Put This On & Become a Merc with a Mouth (Minus the Healing Factor... Sorry!),4499,10,4049.1,1761,9,TOASTD10,https://www.toastd.in/product/unit01labs-deadpool-mask
VINTAGE ADVERTISEMENTS Wall Posters,599,5,569.05,1621,12,TOASTD5,https://www.toastd.in/product/reawakentheory-vintage-advertisement-wall-posters
Aquatein Protein Water - 10g of Pure Protein,594,10,534.6,1611,5,TOASTD10,https://www.toastd.in/product/aquatein-10g-pack-of-6
BROWNIE NACHOS (50G PACK),175,10,157.5,1605,10,TOASTD10,https://www.toastd.in/product/atomeats-brownie-nachos
Kanye West Vinyl Records Poster,1499,5,1424.05,1605,23,TOASTD5,https://www.toastd.in/product/reawakentheory-vinyl-records-kanye-west
MUSIC CD DECOR SET - RAP,599,5,569.05,1561,1,TOASTD5,https://www.toastd.in/product/reawakentheory-music-cd-decor-set-rap
Aquatein Electrolyte Water,40,10,36,1450,14,TOASTD10,https://www.toastd.in/product/aquatein-electrolytes-pack-of-12
Ferrari F1 Car Rug,3800,250,-5700,1384,6,Toastd10,https://www.toastd.in/product/the-drip-co-rugs-ferrari-f1-car-rug
Anti Social Traditional Design Rug,3500,250,-5250,1343,1,Toastd10,https://www.toastd.in/product/the-drip-co-rugs-anti-social-traditional-design-washable-rug
DIY Shadu Mati Ganpati Kit,1199,15,1019.15,1333,2,TOASTD15,https://www.toastd.in/product/kitsters-diy-shadu-mati-ganpati-kit
Kiwi Salt Electrolytes- 10 Sticks,699,15,594.15,1325,10,TOASTD15,https://www.toastd.in/product/up-&-run-kiwi-salt
AESTHETIC TRAFFIC MIRROR,2999,5,2849.05,1315,21,TOASTD5,https://www.toastd.in/product/reawakentheory-aesthetic-traffic-mirror
DIY Perfume Kit,3999,15,3399.15,1309,9,TOASTD15,https://www.toastd.in/product/kitsters-diy-perfume-kit
Aruval / GHOST,4700,5,4465,1301,3,TOASTD5,https://www.toastd.in/product/51x49-aruval
Guava Salt Electrolytes- 10 Sticks,699,15,594.15,1256,13,TOASTD15,https://www.toastd.in/product/up-&-run-guava-salt
Creatine Hcl Original | 100% Pure,489,15,415.65,1246,3,TOASTD15,https://www.toastd.in/product/chamberofgods-creatine-hcl-supplement
Silverstone 3D F1 Wall Frame,1699,10,1529.1,1235,9,TOASTD10,https://www.toastd.in/product/unit01labs-silverstone-3d-f1-poster
Raw Rolling Paper Rug,2300,250,-3450,1201,5,Toastd10,https://www.toastd.in/product/the-drip-co-rugs-raw-rolling-paper-rug
Goodyear Welted Black Crust Zipper Chelsea Boot,12999,5,12349.05,1201,2,Toastd5,https://www.toastd.in/product/kozasko-goodyear-welted-black-crust-zipper-chelsea-boot
"SUKOON | For Sleep, Relaxation, Stress & Anxiety ",599,10,539.1,1194,25,TOASTD10,https://www.toastd.in/product/blume-life-sukoon
Assorted Protein Box (Pack of 6) - 420g,549,10,494.1,1192,8,toasted10,https://www.toastd.in/product/goat-life-assorted-protein-box-pack-of-6
3D Printed portable table lamp,5999,15,5099.15,1188,78,OGOTOASTD,https://www.toastd.in/product/onegoodobject-venti-plus
Ferrari Roma Set,3400,10,3060,1187,8,GIFT10,https://www.toastd.in/product/minibricks-ferrari-roma
DIY Taco Kit for 2,799.5,20,639.6,1177,4,TOASTD20,https://www.toastd.in/product/chefling-taco-kit-for-2
Heart Hoops Earrings,699,10,629.1,1169,2,TOASTD10,https://www.toastd.in/product/gutsco-heart-hoops-1
PUREREST MOUTH TAPE by PureFlow,699,10,629.1,1166,13,toastd10,https://www.toastd.in/product/pureflow-mouth-tape
Hivado Body Wash for Men 250ml,495,10,445.5,1125,8,TOASTD10,https://www.toastd.in/product/hivado-body-wash
Lunar Necklace,899,10,809.1,1114,2,TOASTD10,https://www.toastd.in/product/gutsco-lunar-necklace
FITNESS & DIET PLANNER,798,10,718.2,1079,4,TOASTD10,https://www.toastd.in/product/shenzation-fitness-diet-planner
AtomEats Pretzel Variety Pack,558,10,502.2,1079,11,TOASTD10,https://www.toastd.in/product/atomeats-pretzel-variety-pack
TETRAPOD Paperweight,799,10,719.1,1048,3,TOASTD10,https://www.toastd.in/product/we-are-notice-tetrapod
Lilac Luxe Dress,2999,10,2699.1,1037,7,toastd10,https://www.toastd.in/product/xerene-lilac-luxe-dress
LOOP Laptop Stand - Graphite,2770,15,2354.5,1002,0,Toastd15,https://www.toastd.in/product/numinstore-loop-laptop-stand-graphite
SPRING TABLE,7499,10,6749.1,998,2,TOASTD10,https://www.toastd.in/product/we-are-notice-spring-table
Lotus Biscoff Cookie ,250,10,225,989,8,TOASTD10,https://www.toastd.in/product/dopaminecookies-lotus-biscoff
Choco Pretzel Assorted (30 g x 3 Packs),360,10,324,957,4,TOASTD10,https://www.toastd.in/product/atomeats-choco-pretzel-variety-pack
Double Chocolate Cookie ,250,10,225,929,14,TOASTD10,https://www.toastd.in/product/dopaminecookies-double-chocolate
VINTAGE COMIC BOOK COVERS - WALL COLLAGE POSTERS,599,5,569.05,915,5,TOASTD5,https://www.toastd.in/product/reawakentheory-vintage-comic-book-covers-wall-collage-posters
Onigod Smelling Salt | for intermediate lifters,349,15,296.65,896,1,TOASTD15,https://www.toastd.in/product/chamberofgods-onigod-smelling-stimulant
Korea's Cheesy Gochujang Gourmet Dip With Baked Lavash Chips,349,21,275.71,884,15,TOASTD21,https://www.toastd.in/product/eatatlas-koreas-cheesy-gochujang-with-lavash-chips
DIY Barbecue Kit With Grill,1399.5,20,1119.6,849,4,TOASTD20,https://www.toastd.in/product/chefling-barbecue-kit-1
Baobab Fruit Powder,249,5,236.55,814,18,TOASTD5,https://www.toastd.in/product/arusha-foods-baobab-powder
Bhutan's Ema Datshi Gourmet Dip With Baked Lavash Chips (Combo),338,21,267.02,779,13,TOASTD21,https://www.toastd.in/product/eatatlas-datshi-with-lavash-chips-bhutanese-dip-cheesy-spicy-paired-with-crispy-lavash-chips
Vegan Leather Card Holder,2400,20,1920,757,4,TOASTD20,https://www.toastd.in/product/greenhermitage-iris-green
Metal Lightsaber Lighter,1179,10,1061.1,734,2,TOASTD10,https://www.toastd.in/product/unit01labs-metal-lightsaber-lighter
OUD FATALE: EAU DE PARFUM,2499,20,1999.2,716,6,TOASTD20,https://www.toastd.in/product/ichor-perfumes-oud-fatale-eau-de-parfum
Citrus Salt Electrolytes- Pack of 10,699,15,594.15,670,9,TOASTD15,https://www.toastd.in/product/up-&-run-citrus
Demigrip Liquid Gym Chalk | 100+ uses,199,15,169.15,659,3,TOASTD15,https://www.toastd.in/product/chamberofgods-demi-grip-liquid-chalk
Travis Design Shoe Rug,3850,250,-5775,657,2,Toastd10,https://www.toastd.in/product/the-drip-co-rugs-travis-scoot-shoe-rug
Blonde Receipt Washable Printed Custom Rug,3200,250,-4800,649,5,Toastd10,https://www.toastd.in/product/the-drip-co-rugs-blonde-receipt-receipt-printed-rug
To Do List Cards,1299,10,1169.1,639,8,TOASTD10,https://www.toastd.in/product/shenzation-daily-dock-kit
Spider Man Mask,3999,10,3599.1,632,2,TOASTD10,https://www.toastd.in/product/unit01labs-spider-man-mask
POCKET CLUSTER LAPTOP TOTE - Grey,5975,15,5078.75,630,1,TOASTD15,https://www.toastd.in/product/no-more-pocket-cluster-313-1-laptop-tote
Body Serum Candle Morganite,1049,10,944.1,617,9,TOASTD10,https://www.toastd.in/product/mevyl-body-serum-candle-1
One Good Object - Stacko,5499,15,4674.15,617,3,OGOTOASTD,https://www.toastd.in/product/onegoodobject-stacko
SLAPJACK Nacho Cow Chicken Cheese Cake Card Game,399,20,319.2,591,7,TOASTD20,https://www.toastd.in/product/adeloft-slapjack-game
Body Serum Candle Ruby,1549,10,1394.1,582,13,TOASTD10,https://www.toastd.in/product/mevyl-body-serum-candle
Nora Vegan Leather Embroidered Sling Bag - Almond,9750,20,7800,578,2,TOASTD20,https://www.toastd.in/product/greenhermitage-nora-vegan-leather-sling-bag
Lavender Hair Mask for Deep Nourishment & Hair Growth,650,15,552.5,567,1,TOASTD15,https://www.toastd.in/product/shop-kridha-lavender-hair-mask
Goodyear Welted Olive Suede Captoe Boot,13500,5,12825,557,3,Toastd5,https://www.toastd.in/product/kozasko-goodyear-welted-olive-suede-captoe-boot
CARGO WANDERER BACKPACK - Pink Hue,3950,15,3357.5,556,2,TOASTD15,https://www.toastd.in/product/no-more-cargo-wanderer-244-16-backpack-pink-hues
Aquatein PRO Protein Water - 21g of Pure Protein,900,10,810,547,4,TOASTD10,https://www.toastd.in/product/aquatein-pro-21g-pack-of-6
Shinchan Sleepy Rugs,2940,250,-4410,545,2,Toastd10,https://www.toastd.in/product/the-drip-co-rugs-shinchan-rug
DIY Handmade Paper Kit,1499,15,1274.15,534,6,TOASTD15,https://www.toastd.in/product/kitsters-diy-handmade-paper-kit
PB& J Cookie ,250,10,225,508,6,TOASTD10,https://www.toastd.in/product/dopaminecookies-peanut-butter-jam
Hivado Gift box,2500,10,2250,508,2,TOASTD10,https://www.toastd.in/product/hivado-gift-box-1
"Zero Sugar Ginger Ale: Natural Ginger, Zero Guilt!",360,20,288,486,0,TOASTD20,https://www.toastd.in/product/sober-and-co-zero-sugar-ginger-ale
Ashwagandha Mint Herbal Tea - Focus,399,10,359.1,479,3,TOASTD10,https://www.toastd.in/product/chit-chat-chai-ashwagandha-mint-herbal-tea
The Brunch - CRED Only Fridays X Sober & Co,349,20,279.2,471,0,TOASTD20,https://www.toastd.in/product/sober-and-co-the-brunch
EAR STUD - (MAGNETIC NON-PIERCED),499,10,449.1,465,1,Toastd10,https://www.toastd.in/product/grytt-ear-studs-magnetic
Italian Full Grain Black Leather Belt,3600,5,3420,464,0,Toastd5,https://www.toastd.in/product/kozasko-black-italian-leather-belt
CAN'T STOP WONT STOP SIGN,1499,10,1349.1,464,2,TOASTD10,https://www.toastd.in/product/we-are-notice-stop-sign
Dotted Mirror,2899,0,2899,454,1,,https://www.toastd.in/product/bow-homes-ball-studded-round-mirror
Conscious Cards,1399,10,1259.1,450,7,wearehumans,https://www.toastd.in/product/we-reflect-life-conscious-cards
Cute PokÃ©mon Bird Rug,2850,250,-4275,449,1,Toastd10,https://www.toastd.in/product/the-drip-co-rugs-cute-pokemon-birt-rug
Elm Black Vegan Leather Backpack,20500,20,16400,447,5,TOASTD20,https://www.toastd.in/product/greenhermitage-black-noir-vegan-leather-bagpack
OUD PLAYER: EAU DE PARFUM,2499,20,1999.2,441,3,TOASTD20,https://www.toastd.in/product/ichor-perfumes-oud-player-eau-de-parfum
BMW M-Speed Rug,2370,250,-3555,431,4,Toastd10,https://www.toastd.in/product/the-drip-co-rugs-bmw-m-sports-logo-rug
GodComplex Multivitamins Supplement - 60 Servings,699,15,594.15,429,1,TOASTD15,https://www.toastd.in/product/chamberofgods-godcomplex-multivitamin-supplement
XXXL Body & Face Wipes - 30 Wipes (10 x 3),399,25,299.25,419,3,TOASTD25,https://www.toastd.in/product/up-ur-fit-xxxl-body-face-wipes-pack-of-3-wipes
"Zero Sugar Ginger Ale: Natural Ginger, Zero Guilt!",349,20,279.2,418,1,TOASTD20,https://www.toastd.in/product/sober-and-co-the-sundowner
Fenna Sling Pack,1953,15,1660.05,414,3,Toastd15,https://www.toastd.in/product/tokike-fenna-mini-bags
Diet Coke Can Hand Tuffed Rug,3950,250,-5925,410,1,Toastd10,https://www.toastd.in/product/the-drip-co-rugs-diet-cola-can-hand-tufted-rug
Spongebob Fire Rug,5799,0,5799,409,0,,https://www.toastd.in/product/just-rugs-co-spongebob-rug
Spongebob Fire Rug,5799,0,5799,409,0,,https://www.toastd.in/product/just-rugs-co-spongebob-rug
Salacia - Black & Madder Red,6499,20,5199.2,387,2,TOASTD20,https://www.toastd.in/product/greenhermitage-salacia-black-madder-red
Noa Sleeve Bag,1750,15,1487.5,381,2,Toastd15,https://www.toastd.in/product/tokike-sleeves-pouche-noa
PICKLEBALL RACKET SLING - Grey,2450,15,2082.5,380,1,TOASTD15,https://www.toastd.in/product/no-more-pickleball-racket-slings-grey
HOBO40 Functional Travel Backpack (40L),3999,0,3999,353,1,,https://www.toastd.in/product/carry-pro-hobo40-functional-travel-backpack-grey-black
Table Lamp Niza (Made to Order),2699,10,2429.1,343,4,TOASTD10,https://www.toastd.in/product/unit01labs-table-lamp-niza
Hivado Thick and Full Shampoo,1220,10,1098,337,2,TOASTD10,https://www.toastd.in/product/hivado-thick-full-duo
Supreme High Low Logo Rug,2400,250,-3600,337,1,Toastd10,https://www.toastd.in/product/the-drip-co-rugs-supreme-high-low-logo-rug
Naruto Uzumaki Hand Tufted Rug,7799,0,7799,336,7,,https://www.toastd.in/product/just-rugs-naruto-uzumaki-hand-tufted-rug-1
Michigan Black Calf Chisel Toe Wingtip Derby Shoe,16500,5,15675,335,0,Toastd5,https://www.toastd.in/product/kozasko-michigan-black-calf-wingtip-derby-shoe
The Minimalist Compression - BLOOD RED,1549,10,1394.1,334,5,TOASTD10,https://www.toastd.in/product/gymbaby-the-minimalist-compression-red
BALLARDE (Forest),1990,15,1691.5,324,0,Toastd15,https://www.toastd.in/product/tokike-ballardeforest
Choco Hazelnut (PACK OF 7),419,10,377.1,323,2,toasted10,https://www.toastd.in/product/goat-life-choco-hazelnut
Hell Forged Menâ€™s Compression Jacket,2149,10,1934.1,320,3,TOASTD10,https://www.toastd.in/product/gymbaby-hell-forged-mens-compression-jacket
ACID WASHED SWEATPANTS,1250,10,1125,315,0,TOASTD10,https://www.toastd.in/product/ctrlplus-acid-washed-sweatpants
Heart Necklace,669,10,602.1,311,1,TOASTD10,https://www.toastd.in/product/gutsco-heart-necklace
ASTRA FIDGET RING,999,10,899.1,311,0,Toastd10,https://www.toastd.in/product/grytt-astra-fidget-ring
Pink Promise Charm Necklace,1199,10,1079.1,310,1,TOASTD10,https://www.toastd.in/product/gutsco-pink-promise-charm-necklace
Kridha Red Sandalwood Body Lotion â€“ Deep Hydration & Radiance for Glowing Skin,800,15,680,309,5,TOASTD15,https://www.toastd.in/product/shop-kridha-red-sandalwood-body-lotion
Asahi -The Sun,1499,15,1274.15,306,1,TOASTD15,https://www.toastd.in/product/okami-life-asahi-the-sun
DIY Wine Making Kit [Make upto 50 Ltrs of wine],2499,20,1999.2,302,1,TOASTD20,https://www.toastd.in/product/chefling-winechef-wine-making-kit
BLOND MIRROR,2599,5,2469.05,299,0,TOASTD5,https://www.toastd.in/product/reawakentheory-blond-mirror-pre-order
Garuda Tech Tool Roll,2100,5,1995,299,0,TOASTD5,https://www.toastd.in/product/51x49-garuda-tool-roll
Mario Block Rug,1950,250,-2925,299,2,Toastd10,https://www.toastd.in/product/the-drip-co-mario-block-rug
India's Most Effective Portable Air Purifier (Sky Blue),3199,20,2559.2,296,2,TOASTD20,https://www.toastd.in/product/atovio-pebble-portable-air-purifier-sky-blue
Handmade Brown Suede Leather Belt,3300,5,3135,295,0,Toastd5,https://www.toastd.in/product/kozasko-brown-suede-leather-belt
Hivado Light & Bright Sunscreen,700,10,630,292,2,TOASTD10,https://www.toastd.in/product/hivado-light-bright-sunscreen
Travel Series - Coffee Concentrate,300,0,300,279,3,,https://www.toastd.in/product/travel-series-coffee-concentratebrown-rush-coffee
RUSTWOOD FLANNEL SHIRT,1799,10,1619.1,270,0,TOASTD10,https://www.toastd.in/product/ctrlplus-rustwood-flannel-shirt
Kaze -The Wind,1599,15,1359.15,270,5,TOASTD15,https://www.toastd.in/product/okami-life-kaze-the-wind
DIY Cotton Candy Kit,2499,15,2124.15,257,2,TOASTD15,https://www.toastd.in/product/kitsters-diy-cotton-candy-kit
Brown Rush Starter Pack,849,0,849,253,2,,https://www.toastd.in/product/brown-rush-coffee-starter-pack
India's Most Effective Portable Air Purifier (Moonlight Black),3199,20,2559.2,253,3,TOASTD20,https://www.toastd.in/product/atovio-pebble-portable-air-purifier-moonlight-black
POCKET CLUSTER HOBO BAG - Brown,5850,15,4972.5,249,3,TOASTD15,https://www.toastd.in/product/no-more-pocket-cluster-310-40-hobo-bag
Almond Kulfi (PACK OF 7),770,10,693,247,0,toasted10,https://www.toastd.in/product/goat-life-almond-kulfi
WORDSMITH â€“ Fun Word Guessing Game,999,20,799.2,236,0,TOASTD20,https://www.toastd.in/product/adeloft-wordsmith-fun-word-guessing-game
Mocha Marvel (PACK OF 7),770,10,693,233,2,toasted10,https://www.toastd.in/product/goat-life-mocha-marvel
MoodPeg - All-in-One Magnetic Moodboard Kit,2850,0,2850,231,1,,https://www.toastd.in/product/bow-homes-moodpeg-magnetic-peg-board
CORDUROY CARGO PANTS,1099,10,989.1,230,0,TOASTD10,https://www.toastd.in/product/ctrlplus-corduroy-cargo-pants
BITE ME HOODIE,899,10,809.1,224,2,TOASTD10,https://www.toastd.in/product/ctrlplus-bite-me-hoodie
FACET Laptop Stand - Graphite,2770,15,2354.5,221,0,Toastd15,https://www.toastd.in/product/numinstore-facet-laptop-stand-graphite
House Arabica Beans,550,0,550,217,3,,https://www.toastd.in/product/brown-rush-coffee-house-blend-arabica
Sutli Candle Holder â€“ Emotive & Nostalgic,999,10,899.1,217,1,TOASTD10,https://www.toastd.in/product/we-are-notice-sutli-candle-holder
The Pro Overnighter Backpack (30L) with Raincover,3899,0,3899,209,2,,https://www.toastd.in/product/carry-pro-overnighter-backpack
MEMENTO MORI | LIFE CALENDER - ACRYLIC BOARD - GAME MODE,1997,10,1797.3,206,0,TOASTD10,https://www.toastd.in/product/shenzation-memento-mori-life-calendar-acrylic-board
Car Gear Hoodies (F1 Driver Edition),749,0,749,204,1,,https://www.toastd.in/product/aleesha-arora-car-gear-hoodies-f1-driver-edition
BALLARDE (Coral),1990,15,1691.5,203,0,Toastd15,https://www.toastd.in/product/tokike-ballarde-coral
GATOR ASHTRAY,1799,10,1619.1,201,0,TOASTD10,https://www.toastd.in/product/we-are-notice-gator-ashtray
GRAIN | Earth Grain,15000,0,15000,199,0,,https://www.toastd.in/product/samyak-earth-grain
Thermo Gel,399,25,299.25,197,0,TOASTD25,https://www.toastd.in/product/up-ur-fit-thermo-gel
KeepAll Caddy,1650,0,1650,195,0,,https://www.toastd.in/product/bow-homes-keepall-caddy
LOGO MISMATCHED STRIPES SHIRT,1250,10,1125,195,0,TOASTD10,https://www.toastd.in/product/ctrlplus-logo-mismatched-stripes-shirt
Strawberry Swirl (PACK OF 7),419,10,377.1,191,0,toasted10,https://www.toastd.in/product/goat-life-strawberry-swirl
The Rolli lamp,2899,10,2609.1,186,2,TOASTD10,https://www.toastd.in/product/unit01labs-the-stak-rolli
2011 INDIA WORLD CUP TSHIRT - AIRFORCE BLUE,1500,15,1275,183,0,TOASTD15,https://www.toastd.in/product/thgc-2011-india-world-cup-tshirt-airforce-blue
Ophelia Ring (Adjustable),949,10,854.1,183,2,TOASTD10,https://www.toastd.in/product/gutsco-ophelia-ring
HALO | Modern Classic,15000,0,15000,181,0,,https://www.toastd.in/product/samyak-halo
SAND DENIM,2499,10,2249.1,180,1,TOASTD10,https://www.toastd.in/product/ctrlplus-sand-denim
DIY Handmade Pasta Kit,3999,15,3399.15,178,1,TOASTD15,https://www.toastd.in/product/kitsters-diy-handmade-pasta-kit
LUNAR | Sharp Balance,12500,0,12500,176,1,,https://www.toastd.in/product/samyak-lunar-sharp-balance
RE-DENIM SHOULDER BAG - Ice Grey,2650,15,2252.5,174,1,TOASTD15,https://www.toastd.in/product/no-more-re-denim-315-17-shoulder-bag
Matcha x Protein â€“ Clean Energy Meets Complete Recovery,2849,15,2421.65,172,1,TOASTD15,https://www.toastd.in/product/chamberofgods-matcha-protein
TENNIS BRACELET,999,10,899.1,171,0,Toastd10,https://www.toastd.in/product/grytt-tennis-bracelet
Luffy Peeking Hand-Tufted Rug,5199,0,5199,169,0,,https://www.toastd.in/product/just-rugs-co-luffy-peeking-hand-tufted-rug
Baby Yoda Middle Finger Rug,7499,0,7499,167,0,,https://www.toastd.in/product/just-rugs-co-baby-yoda-middle-finger-rug
MICRO BOX BRACELET  (SILVER),599,10,539.1,167,0,Toastd10,https://www.toastd.in/product/grytt-micro-box-bracelet-silver
MOJO V2.0 Everyday Backpack (20L),2199,0,2199,165,1,,https://www.toastd.in/product/carry-pro-mojo-v2-laptop-backpack
Choco-Nut Crunch (PACK OF 7),770,10,693,164,1,toasted10,https://www.toastd.in/product/goat-life-choco-nut-crunch-pack-of-7
PRIME Everyday Laptop Backpack,3299,0,3299,163,0,,https://www.toastd.in/product/carry-pro-prime-backpack
FORGE | Golden Precision,20000,0,20000,162,2,,https://www.toastd.in/product/samyak-forge-golden-precision
CARGO WANDERER BACKPACK - Brown,3950,15,3357.5,161,3,TOASTD15,https://www.toastd.in/product/no-more-cargo-wanderer-244-16-backpack-brown
Tech Kit Organiser (Medium),899,0,899,161,0,,https://www.toastd.in/product/carry-pro-tech-kit-organiser-medium
Spring Side Table,4990,0,4990,158,0,,https://www.toastd.in/product/bow-homes-spring-side-table
Aranyani - Navy Blue & Black,7999,20,6399.2,157,0,TOASTD20,https://www.toastd.in/product/greenhermitage-aranyani-navy-blue-and-black
Future Star Embroidery Text - Black Baseball Cap,779,15,662.15,157,0,TOASTD15,https://www.toastd.in/product/thgc-future-star-embroidery-text-black-baseball-cap
INDUSTRIAL LAMP,7999,10,7199.1,156,0,TOASTD10,https://www.toastd.in/product/we-are-notice-industrial-lamp
FeralWalk Oversized Cargo Joggers - Purple,2349,10,2114.1,155,1,TOASTD10,https://www.toastd.in/product/gymbaby-joggers-purple
Loop Dual-Side Mouse Pad in Vegan Leather,1499,15,1274.15,154,0,Toastd15,https://www.toastd.in/product/numinstore-loop-dual-side-large-desk-mat-in-vegan-leather
Pikachu Keyboard Rug,1999,0,1999,154,0,,https://www.toastd.in/product/justrug-pikachu-keyboard-rug
Ripple Spectrum wave Rug by Just Rugs,17999,0,17999,154,1,,https://www.toastd.in/product/just-rugs-co-wavy-circle-pop-ripple-edition
DUBAI BLING EARRINGS - 18K GOLD-PLATED,1399,10,1259.1,154,1,Toastd10,https://www.toastd.in/product/bria-jewels-dubai-bling-earrings-18k-gold-plated
Hellscar Oversized Tank - Blood Red,1649,10,1484.1,153,2,TOASTD10,https://www.toastd.in/product/gymbaby-hellscar-oversized-tank
Suzette (Coral),699,15,594.15,151,1,Toastd15,https://www.toastd.in/product/tokike-suzette-coral
PERSONALISED ROUND BRACELET - 18K WHITE/GOLD-PLATED,1099,10,989.1,151,1,TOASTD10,https://www.toastd.in/product/bria-personalised-round-bracelet-18k-gold-plated
SOLID RING - 18K GOLD-PLATED,999,10,899.1,151,1,Toastd10,https://www.toastd.in/product/bria-jewels-plain-solid-ring-18k-gold-plated
Distressed Washed Grey Tank,3290,0,3290,145,0,,https://www.toastd.in/product/distressed-washed-grey-tank
RUSTIC | Vintage Pulse,17500,0,17500,144,0,,https://www.toastd.in/product/samyak-rustic-vintage-pulse
Classic Hair Tie,1099,10,989.1,144,0,TOASTD10,https://www.toastd.in/product/gutsco-classic-hair-tie
SNAKE CHAIN (GOLD),799,10,719.1,144,0,Toastd10,https://www.toastd.in/product/grytt-snake-chain-gold
"DIY Jain Sushi Kit â€“ Authentic Japanese Experience, 100% Vegetarian",1299.5,20,1039.6,142,0,TOASTD20,https://www.toastd.in/product/chefling-ain-sushi-kit-for-4
CARBON | Forged Earth,15000,0,15000,141,0,,https://www.toastd.in/product/samyak-carbon-forged-earth
Golden Bloom Candle Holder Set - Handcrafted Diwali Elegance,1499,0,1499,137,1,,https://www.toastd.in/product/bow-homes-bloom-candle-holder-diwali-set
OVAL RING - 18K GOLD-PLATED,1499,10,1349.1,137,0,Toastd10,https://www.toastd.in/product/bria-jewels-oval-ring-18k-gold-plated
Strobe Dual Handle Bag - Red,2650,15,2252.5,137,0,TOASTD15,https://www.toastd.in/product/no-more-strobe-dual-handle-bag-red
KANTHA INDIGO HOODIE,3199,10,2879.1,136,0,TOASTD10,https://www.toastd.in/product/ctrlplus-kantha-indigo-hoodie
The Tokio table lamp,2478,10,2230.2,135,1,TOASTD10,https://www.toastd.in/product/unit01labs-the-tokio-table-lamp
PureFlow Diwali Sleep Bundle - Fall Asleep in 5 Minutes,1699,10,1529.1,133,2,TOASTD10,https://www.toastd.in/product/pureflow-diwali-sleep-bundle
Solid Cotton Blend Oversized Coord Set - Lunar,3580,15,3043,131,0,Toastd15,https://www.toastd.in/product/tokike-solid-cotton-blend-oversized-coord-set-grey-male
"DIY Jain Korean Tteokbokki Kit - Spicy, Authentic & 100% Vegetarian",1299.5,20,1039.6,131,1,TOASTD20,https://www.toastd.in/product/chefling-jain-korean-tteokbokki-kit-spicy-rice-cakes
DIY Decoupage Shells Kit,1499,15,1274.15,129,0,TOASTD15,https://www.toastd.in/product/kitsters-diy-decoupage-shells
Vortex Optical Illusion B&G Rug,9499,0,9499,128,1,,https://www.toastd.in/product/just-rugs-co-vortex-optical-illusion-b-g-rug
ONYX STONE PENDANT WITH CHAIN (GOLD),1199,10,1079.1,128,0,Toastd10,https://www.toastd.in/product/grytt-onyx-stone-pendant-with-chain-gold
Dark Veil Full Sleeve - Compression,1899,10,1709.1,126,2,TOASTD10,https://www.toastd.in/product/gymbaby-dark-veil-long-sleeve-compression-t-shirt
Not Just a Rug. Itâ€™s a Hello Kitty Statement.,5499,0,5499,124,0,,https://www.toastd.in/product/the-drip-co-rugs-hello-kitty-custom-aesthetic-rug
Droid sipper flask,1549,5,1471.55,124,0,TOSTO5,https://www.toastd.in/product/stotodo-droid-sipper-flask
Clothilde,2499,10,2249.1,124,1,TOASTD10,https://www.toastd.in/product/unit01labs-clothilde
Quartz | Modern Classic,12500,0,12500,122,0,,https://www.toastd.in/product/samyak-quartz-modern-classic
MESH SHELF,2299,10,2069.1,120,0,TOASTD10,https://www.toastd.in/product/we-are-notice-mesh-shelf
EXTRUSION VASE - RED,2799,10,2519.1,119,0,TOASTD10,https://www.toastd.in/product/we-are-notice-extrusion-water-vase-red
CUBAN CHAIN (GOLD),1099,10,989.1,118,1,Toastd10,https://www.toastd.in/product/grytt-cuban-chain-gold
Solid Cotton Blend Oversized Shirt â€“ Frost,1790,15,1521.5,118,0,Toastd15,https://www.toastd.in/product/tokike-solid-cotton-blend-oversized-shirt-white-male
Roronoa Zoro One Piece Hand-Tufted Rug,1999,0,1999,117,1,,https://www.toastd.in/product/just-rugs-co-zoro-keyboard-rug
Brewski shaker/infuser,1199,5,1139.05,117,0,TOSTO5,https://www.toastd.in/product/stotodo-brewski
TIDE | Ocean Grain,12500,0,12500,115,0,,https://www.toastd.in/product/samyak-tide-ocean-grain
FeralWalk Oversized Cargo Joggers - Blood Red,2349,10,2114.1,114,0,TOASTD10,https://www.toastd.in/product/gymbaby-joggers-red
PERSONALISED PUZZLE NECKLACE SET OF 2 - 18K GOLD/WHITE GOLD PLATED,1699,10,1529.1,114,0,Toastd10,https://www.toastd.in/product/bria-personalised-puzzle-necklace-set-of-2-18k-gold-plated
The Pango V2.0 Camera Travel Backpack,5999,0,5999,114,0,,https://www.toastd.in/product/carry-pro-pango-camera-backpack
AMERICAN EXPRESS CARDS,3399,0,3399,114,1,,https://www.toastd.in/product/american-express-cards
Pure Driving Bliss Combo,1399,0,1399,113,0,,https://www.toastd.in/product/pure-driving-bliss-combo
Blocks desk & table organiser,1499,5,1424.05,112,0,TOSTO5,https://www.toastd.in/product/stotodo-organising-blocks
Balengiaga x Crocs hardcrocs,1699,0,1699,111,1,,https://www.toastd.in/product/balenciaga-x-crocs-hardcrocs
Travis X Fragment Rug,9499,0,9499,111,0,,https://www.toastd.in/product/just-rugs-co-travis-fragment-rug
FACET Mobile and Tablet Stand - Graphite,1330,15,1130.5,110,0,Toastd15,https://www.toastd.in/product/numinstore-facet-mobile-and-tablet-stand-graphite
SHADOW | Bold Precision,12500,0,12500,110,0,,https://www.toastd.in/product/samyak-shadow-bold-precision
The Minimalist Compression - Purple,1549,10,1394.1,109,1,TOASTD10,https://www.toastd.in/product/gymbaby-the-minimalist-compression-purple
STARRY NIGHT BRACELET - 18K GOLD-PLATED,1699,10,1529.1,105,1,TOASTD10,https://www.toastd.in/product/bria-STARRY-NIGHT-BRACELET
CORDUROY SHACKET,1099,10,989.1,105,0,TOASTD10,https://www.toastd.in/product/ctrlplus-corduroy-shacket
Dark Choco Pretzels (30G PACK),120,10,108,104,1,TOASTD10,https://www.toastd.in/product/atomeats-dark-choco-dipped-mini-pretzel-knots-100g-1
Embroidery Logo Navy Blue Baseball Cap,839,15,713.15,104,1,TOASTD15,https://www.toastd.in/product/thgc-embroidery-logo-navy-blue-baseball-cap
FLARE | Bold Spark,12500,0,12500,103,0,,https://www.toastd.in/product/samyak-flare-bold-spark
Nazar Cuff (Gold),1099,10,989.1,103,0,TOASTD10,https://www.toastd.in/product/gutsco-nazar-cuff-gold
Loop Dual-Side Mouse Pad in Vegan Leather,749,15,636.65,103,0,Toastd15,https://www.toastd.in/product/numinstore-loop-dual-side-mouse-pad-in-vegan-leather
FROSTED PRESSING HOOP/CUFF (GOLD NON-PIERCED),399,10,359.1,101,0,TOASTD10,https://www.toastd.in/product/grytt-frosted-pressing-hoop-cuff-gold-non-pierced
Pillar portable glass bottle,1449,5,1376.55,100,3,TOSTO5,https://www.toastd.in/product/stotodo-pillar-glass-bottle
SUZETTE Travel Pouch (Cacao),699,15,594.15,100,0,Toastd15,https://www.toastd.in/product/tokike-suzette-cocao-pouch
Nox Table lamp,2297,10,2067.3,99,1,TOASTD10,https://www.toastd.in/product/unit01labs-nox-table-lamp
OCEANIC | Raw Precision,20000,0,20000,98,0,,https://www.toastd.in/product/samyak-oceanic-raw-precision
MICRO ROUND BRACELET  (SILVER),599,10,539.1,96,0,Toastd10,https://www.toastd.in/product/grytt-micro-round-bracelet-silver
SUZETTE Travel Pouch (Forest),699,15,594.15,96,0,Toastd15,https://www.toastd.in/product/tokike-suzette-forest-pouch
VECTOR | Mechanical Spirit,25000,0,25000,95,1,,https://www.toastd.in/product/samyak-vector-mechanical-spirit
Strobe Dual Handle Bag - Denim,2650,15,2252.5,94,0,TOASTD15,https://www.toastd.in/product/no-more-strobe-dual-handle-shoulder-bag
Gibbosa Fungus Shelf,1350,10,1215,94,1,TOASTD10,https://www.toastd.in/product/unit01labs-gibbosa-fungus-shelf
SHAW Tote Bag (Cacao),2093,15,1779.05,93,0,Toastd15,https://www.toastd.in/product/tokike-shawn-cocao-bag
UpUrFit x Jonty Rhodes Cricket Recovery Kit,999,25,749.25,90,1,TOASTD25,https://www.toastd.in/product/up-ur-fit-jonty-rhodes-cricket-recovery-kit
MICRO LINK BRACELET (SILVER),599,10,539.1,90,0,Toastd10,https://www.toastd.in/product/grytt-micro-link-bracelet-silver
THIN CUBAN CHAIN (SILVER),799,10,719.1,85,0,Toastd10,https://www.toastd.in/product/grytt-thin-cuban-chain-silver
DUAL | Modern Classic,15000,0,15000,84,0,,https://www.toastd.in/product/samyak-dual-modern-classic
Hot & Melt Candle Set,999,0,999,83,1,,https://www.toastd.in/product/bow-homes-groovy-candle-set
GLACIER | Marble Clarity,15000,0,15000,81,0,,https://www.toastd.in/product/samyak-glacier-marble-clarity
MICRO ROUND BRACELET  (GOLD),599,10,539.1,80,0,Toastd10,https://www.toastd.in/product/grytt-micro-round-bracelet-gold
ONYX STONE PENDANT WITH CHAIN (SILVER),1199,10,1079.1,78,0,Toastd10,https://www.toastd.in/product/grytt-onyx-stone-pendant-with-chain-silver
Eliso LED Katana | Tanjiro Kamado â€“ Demon Slayer,2799,0,2799,76,0,,https://www.toastd.in/product/eliso-led-katana-tanjiro-kamado-demon-slayer
SHAW Tote Bag (Forest),2093,15,1779.05,75,0,Toastd15,https://www.toastd.in/product/tokike-shawn-forest-bag
SOLACE | Lunar Rhythm,20000,0,20000,74,0,,https://www.toastd.in/product/samyak-solace-lunar-rhythm
NOVA | Timeless Clarity,20000,0,20000,73,0,,https://www.toastd.in/product/samyak-nova-timeless-clarity
ROPE BRACELET (GOLD),599,10,539.1,73,2,Toastd10,https://www.toastd.in/product/grytt-rope-braceletgold
Botany,1199,0,1199,72,0,,https://www.toastd.in/product/nasher-miles-botany-backpack-for-men-women-casual-school-college-bag-cream-39l
DRIFT | Casual Precision,15000,0,15000,71,0,,https://www.toastd.in/product/samyak-drift-casual-precision
Astoria,2499,0,2499,70,0,,https://www.toastd.in/product/nasher-miles-astoria-navy-blue-12l
MICRO PULSE BRACELET (GOLD),599,10,539.1,70,0,Toastd10,https://www.toastd.in/product/grytt-micro-pulse-bracelet-gold
SHAW Tote Bag,2093,15,1779.05,69,0,Toastd15,https://www.toastd.in/product/tokike-shawn-tuscan-bag
SQUAT PRO S1 â€“ Flat Sole Powerlifting Squat Shoes for Deep Stability (Dusk Pink),8900,0,8900,67,0,,https://www.toastd.in/product/squat-pro-s1-flat-sole-powerlifting-squat-shoes-for-deep-stability-dusk-pink
Recovery Duo - Cryo Gel + Epsom Salts Body Wash,699,25,524.25,66,2,TOASTD25,https://www.toastd.in/product/up-ur-fit-cryo-gel-body-wash-recovery-duo
Deep Sleep Mask by PureFlow,799,10,719.1,66,0,TOASTD10,https://www.toastd.in/product/pureflow-deep-sleep-mask
M4 Shell Ejecting Dart Gun,6000,0,6000,66,0,,https://www.toastd.in/product/m4-shell-ejecting-dart-gun
Nora Vegan Leather Embroidered Sling Bag - Black,9750,20,7800,65,1,TOASTD20,https://www.toastd.in/product/greenhermitage-nora-vegan-leather-sling-bag-black
Lion's Mane Shroom Coffee,449,0,449,65,0,,https://www.toastd.in/product/lions-mane-shroom-coffee
Soulshoe is White,3398,0,3398,64,0,,https://www.toastd.in/product/sgxpd-soulshoe-pro-white
JellyGlow Lamp,1899,0,1899,63,0,,https://www.toastd.in/product/jellyglow-lamp
CTRL+P LOGO HOODIE,899,10,809.1,62,0,TOASTD10,https://www.toastd.in/product/ctrlplus-ctrl-p-logo-hoodie
PEARL HALF & HALF BRACELET (SILVER),799,10,719.1,62,0,Toastd10,https://www.toastd.in/product/pearl-half-nd-half-bracelet-silver
STORM | Grey Force,15000,0,15000,61,0,,https://www.toastd.in/product/samyak-storm-grey-force
Red Wine - Barrel Aged Coffee,3500,0,3500,60,0,,https://www.toastd.in/product/niw-barrel-aged-coffee
CUBAN CHAIN (SILVER),1099,10,989.1,59,0,Toastd10,https://www.toastd.in/product/grytt-cuban-chain-silver
"Whey91 Cookies & Cream Protein Bar, 20g Protein & 5g Fibre (Pack of 6 bars)",599,0,599,59,0,,https://www.toastd.in/product/whey91-cookie-and-cream-protein-bars
Crystal Slider Watch,4750,0,4750,58,0,,https://www.toastd.in/product/slider-watch
CUSTOM NATIONAL HIGHWAY SIGN - AESTHETIC ROAD SIGNS,2699,5,2564.05,58,0,TOASTD5,https://www.toastd.in/product/nh-sign-aesthetic-road-signs
TOTE-ALLY BAG,799,10,719.1,58,0,TOASTD10,https://www.toastd.in/product/we-are-notice-tote-bag
ROCKSTA Y2K JERSEY,899,0,899,58,0,,https://www.toastd.in/product/rocksta-y2k-jersey
Daily Fiber | Vanilla Berry Flavour,854,0,854,54,0,,https://www.toastd.in/product/daily-fiber-supplement-vanilla-berry
Aurora Vegan Leather Sling,7800,20,6240,53,0,TOASTD20,https://www.toastd.in/product/greenhermitage-aurora-vegan-leather-sling
Ajax Vegan Leather Duffle Bag - Beige,15800,20,12640,52,0,TOASTD20,https://www.toastd.in/product/greenhermitage-ajax-vegan-leather-duffle-bag
RICH MAN CROP TEE,800,10,720,52,3,TOASTD10,https://www.toastd.in/product/ctrlplus-baby-tee
Chocolate 25g Plant Protein - Pack of 1kg - Sport,3289,0,3289,52,0,,https://www.toastd.in/product/chocolate-pouch-1kg
Wave Bookshelf,3690,0,3690,51,0,,https://www.toastd.in/product/wave-bookshelf
MICRO BOX CHAIN (SILVER),599,10,539.1,51,0,Toastd10,https://www.toastd.in/product/grytt-micro-box-chain-silver
f*#k the system! - white,2999,0,2999,50,0,,https://www.toastd.in/product/tshirt-system-white
QAVA Energy Shot (Pack of 4),596,0,596,49,0,,https://www.toastd.in/product/qava-energy-shots-60ml
NeuroGum Energy Caffeine Gums - Cinnamon (30 Pieces: 15 X 2 gum sachets),660,0,660,49,0,,https://www.toastd.in/product/neurogum-energy-caffeine-gums-cinnamon-30-pieces-15-x-2-gum-sachets
Retro GameBox 500 Games in 1,1399,0,1399,49,0,,https://www.toastd.in/product/retro-500
Easy Poncho Crochet Pattern,793.51,0,793.51,48,0,,https://www.toastd.in/product/poncho
Aurora Prism,3700,0,3700,47,0,,https://www.toastd.in/product/sunday-hours
NightShot- Spotify LED Lamp,1149,0,1149,47,0,,https://www.toastd.in/product/nightshot-led-spotify-plaques-1
Car Comfort Bundle | 8 Items,1899,0,1899,47,0,,https://www.toastd.in/product/car-comfort-box
Acacia Vegan Leather Laptop Sleeve - Black,9200,20,7360,46,0,TOASTD20,https://www.toastd.in/product/greenhermitage-acacia-vegan-leather-laptop-sleeve-black
The Grow Light Planter,4789,0,4789,45,0,,https://www.toastd.in/product/the-grow-light-planter
Pro Sling Crossbody Bag (2L),750,0,750,44,0,,https://www.toastd.in/product/carry-pro--sling-crossbody-fanny-bag
Coffee Brown Cup,1999,0,1999,44,0,,https://www.toastd.in/product/todays-coffee-brown-cup
Firstdraft Note. Powered by AI.,899,0,899,43,0,,https://www.toastd.in/product/firstdraft-note
Whey91 Strawberry Splash Protein Bars - 20g Protein 7.2g Fibre (Pack of 6 bars),599,0,599,43,0,,https://www.toastd.in/product/whey91-strawberry-splash-protein-bars
Serum + Sunscreen Duo,4750,0,4750,43,0,,https://www.toastd.in/product/the-everyday-shield
FROSTED PRESSING HOOP/CUFF (BLACK NON-PIERCED),399,10,359.1,42,1,TOASTD10,https://www.toastd.in/product/grytt-frosted-pressing-hoop-cuff-black-non-pierced
Bouche Print Oversized White T-shirt,999,0,999,41,1,,https://www.toastd.in/product/bouche-print-oversized-white-t-shirt-women
Coffee Before Commitment Flask,1500,0,1500,41,0,,https://www.toastd.in/product/muse-mug
Aero Long Sleeve with Thumb Hole â€“ Dusty Fig,1999,0,1999,40,0,,https://www.toastd.in/product/aero-long-sleeve-with-thumb-hole-icy-pink
Restore your Sleep THINS,1334,0,1334,40,0,,https://www.toastd.in/product/restore-your-sleep-thins
Spider-Man Edge Wireless Speaker,1699,5,1614.05,39,0,TOASTD5,https://www.toastd.in/product/spider-man-edge
Car Mini Analog Clock,499,0,499,39,0,,https://www.toastd.in/product/car-sticker-watch
Iris - Gingerbread & Black,2400,20,1920,38,0,TOASTD20,https://www.toastd.in/product/greenhermitage-iris-gingerbread-black
Whey Protein - Chocolate with Pink Himalayan Salt,3299,0,3299,34,0,,https://www.toastd.in/product/premium-whey-protein-powder-chocolate-with-pink-himalayan-salt
Never Have I Ever Cards,399,0,399,34,0,,https://www.toastd.in/product/never-have-i-ever-cards
Juniper Vegan Leather Sling Bag - Black,7450,20,5960,34,0,TOASTD20,https://www.toastd.in/product/greenhermitage-juniper-vegan-leather-sling-bag-black
ROUND BLACK STUD - (MAGNETIC NON-PIERCED),599,10,539.1,33,0,Toastd10,https://www.toastd.in/product/grytt-round-black-stud-magnetic-non-pierced
VICTORY LAP POLO T-SHIRT,1899,10,1709.1,33,0,TOASTD10,https://www.toastd.in/product/ctrlplus-victory-lap-polo-t-shirt
Sirius // Magma,5250,0,5250,32,0,,https://www.toastd.in/product/sirius-magma
Lewis Hamilton F1 Racing Team Edition T-shirt 2.0 | Black 100% Cotton,1249,0,1249,32,0,,https://www.toastd.in/product/lewis-hamilton-new-f1-racing-team-edition-black-cotton-t-shirt-2-0
Black Graffiti Sweatshirt,2399,0,2399,31,0,,https://www.toastd.in/product/black-graffiti-sweatshirt
Acacia Vegan Leather Laptop Sleeve - Olive,9200,20,7360,30,0,TOASTD20,https://www.toastd.in/product/greenhermitage-acacia-vegan-leather-laptop-sleeve-olive
"Iris Vegan Leather Cardholder - Tawny Brown, Tan Matt",1800,20,1440,30,0,TOASTD20,https://www.toastd.in/product/greenhermitage-iris-vegan-leather-cardholder-tawny-brown-tan-matt
Fresh Reset Body Duo,1900,0,1900,30,0,,https://www.toastd.in/product/fresh-reset-body-duo-1
Paradise Sweater,899,0,899,29,0,,https://www.toastd.in/product/paradise-sweater
Sotally Tober,899,0,899,29,0,,https://www.toastd.in/product/sotally-tober
Aurora Prism,1650,0,1650,29,0,,https://www.toastd.in/product/aurora-prism
Day-care routine - set of 2,1098,0,1098,29,0,,https://www.toastd.in/product/day-care-routine
BRASIL ðŸ‡§ðŸ‡· TANK TOP,1299,0,1299,28,0,,https://www.toastd.in/product/brazil-tank-top
Snugs 1 Dior,2250,0,2250,28,0,,https://www.toastd.in/product/shoes-nike-dior
ANCHOR PENDANT WITH CHAIN (SILVER),1199,10,1079.1,28,0,Toastd10,https://www.toastd.in/product/grytt-anchor-pendant-with-chain-silver
Fresh Reset Body Cleanser,900,0,900,27,0,,https://www.toastd.in/product/body-cleanser
MICRO FLAT TWISTED BRACELET (SILVER),599,10,539.1,27,0,Toastd10,https://www.toastd.in/product/grytt-micro-flat-twisted-bracelet-gold-copy
Cats Playing Cards A5 Notebook,499,0,499,27,0,,https://www.toastd.in/product/cats-playing-cards-a5-notebook
TRIDENT PENDANT WITH CHAIN (GOLD),799,10,719.1,26,0,Toastd10,https://www.toastd.in/product/grytt-trident-pendant-with-chain-gold
CUBAN BRACELET 8MM (SILVER),899,10,809.1,26,0,Toastd10,https://www.toastd.in/product/grytt-cuban-bracelet-8mm-silver
PRESSING HOOP - (GOLD UNPIERCED),299,10,269.1,26,0,Toastd10,https://www.toastd.in/product/grytt-pressing-hoop-gold
DOG TAG CHAIN (GOLD),999,10,899.1,26,0,Toastd10,https://www.toastd.in/product/grytt-dog-tag-chain-gold
Moonchild Pixel Art Oversized Off-White T-shirt,1049,0,1049,26,0,,https://www.toastd.in/product/moonchild-pixel-art-oversized
FROSTED HOOP - (SILVER PIERCED),399,10,359.1,26,1,Toastd10,https://www.toastd.in/product/grytt-frosted-hoop-silver
Juniper Vegan Leather Sling Bag - Green,7450,20,5960,25,0,TOASTD20,https://www.toastd.in/product/greenhermitage-juniper-vegan-leather-sling-bag-green
Gengar Controller Stand for PS5,749,0,749,25,0,,https://www.toastd.in/product/gengar-controller-stand-for-ps5
Ajax Vegan Leather Duffle Bag - Black & Green,15800,20,12640,25,0,TOASTD20,https://www.toastd.in/product/greenhermitage-ajax-vegan-leather-duffle-bag-1
VINYL RECORDS - TYLER THE CREATOR,1499,5,1424.05,24,0,TOASTD5,https://www.toastd.in/product/reawakentheory-vinyl-records-tyler-the-creator
Hollow Knight Controller Stand for Xbox & Playstation,649,0,649,24,0,,https://www.toastd.in/product/hollow-knight-controller-stand-xbox-ps5
FIGARO BRACELET (SILVER),599,10,539.1,24,0,Toastd10,https://www.toastd.in/product/grytt-figaro-bracelet-silver
BYZANTINE CHAIN (SILVER),1099,10,989.1,24,0,Toastd10,https://www.toastd.in/product/grytt-byzanite-chain-silver
THIN CUBAN CHAIN (GOLD),799,10,719.1,24,0,Toastd10,https://www.toastd.in/product/grytt-thin-cuban-chain-gold
Frida Retro Sketchbook,699,0,699,24,0,,https://www.toastd.in/product/frida-retro-sketchbook
Wheat Bracelet (SILVER),599,10,539.1,23,0,Toastd10,https://www.toastd.in/product/grytt-wheat-bracelet-silver
WHEAT BRACELET (GOLD),599,10,539.1,23,0,Toastd10,https://www.toastd.in/product/grytt-wheat-braceletgold
REDBULL JACKET,1999,0,1999,23,0,,https://www.toastd.in/product/weirdplane-redbull-jacket
Cocktail Premix Combo Pack (Makes 4 Drinks),700,0,700,23,0,,https://www.toastd.in/product/assorted-cocktail-premix-combo-pack
Regular Assorted Sachets 15g Plant Protein - Pack of 12,1140,0,1140,22,0,,https://www.toastd.in/product/regular-multi-pack-of-12
Regular Assorted Sachets 15g Plant Protein - Pack of 12,1140,0,1140,22,0,,https://www.toastd.in/product/regular-multi-pack-of-12
MORE LIFE MIRROR,2199,5,2089.05,22,1,TOASTD5,https://www.toastd.in/product/1989-mirror
Cat Love Unisex Oversized Both Side Printed Hoodie,2499,0,2499,22,0,,https://www.toastd.in/product/cat-love-unisex-oversized-both-side-printed-hoodie
Cherry Earrings,799,0,799,22,0,,https://www.toastd.in/product/cherry-earrings
FROSTED HOOP - (GOLD PIERCED),399,10,359.1,22,0,Toastd10,https://www.toastd.in/product/grytt-frosted-hoop-gold-pierced
PRESSING HOOP (BLACK UNPIERCED),299,10,269.1,21,1,Toastd10,https://www.toastd.in/product/grytt-pressing-hoop-black
The Bands By NÃ¤ck,933,0,933,21,0,,https://www.toastd.in/product/the-bands-by-nack
SPARTAN PENDANT WITH CHAIN,999,10,899.1,21,0,Toastd10,https://www.toastd.in/product/grytt-spartan-pendant-with-chain
MICRO FLAT TWISTED BRACELET (GOLD),599,10,539.1,21,0,Toastd10,https://www.toastd.in/product/grytt-micro-flat-twisted-bracelet-gold
MICRO PULSE BRACELET (SILVER),599,10,539.1,20,0,Toastd10,https://www.toastd.in/product/grytt-micro-pulse-bracelet-silver
ANCHOR PENDANT WITH CHAIN (GOLD),1199,10,1079.1,19,0,Toastd10,https://www.toastd.in/product/grytt-anchor-pendant-with-chain-gold
Neith - Green & Cork,2700,20,2160,19,0,TOASTD20,https://www.toastd.in/product/greenhermitag-neith-green-cork
BOX CHAIN (SILVER),799,10,719.1,19,0,Toastd10,https://www.toastd.in/product/grytt-box-chain
Sustainable Vegan Leather Passport Holder - Tan,1950,20,1560,19,0,TOASTD20,https://www.toastd.in/product/greenhermitag-sustainable-vegan-leather-passport-holder-tan
VINYL RECORDS - ROCK,1499,5,1424.05,19,1,TOASTD5,https://www.toastd.in/product/reawakentheory-vinyl-records-rock
ROPE CHAIN (SILVER),799,10,719.1,18,0,Toastd10,https://www.toastd.in/product/grytt-rope-chain-silver
COMPASS PENDANT WITH CHAIN,999,10,899.1,18,0,Toastd10,https://www.toastd.in/product/grytt-compass-pendant-with-chain
Ditch-The-Frizz (3 Step Routine),1699,0,1699,18,0,,https://www.toastd.in/product/ditch-the-frizz-trio
WHEAT CHAIN (GOLD),799,10,719.1,18,0,Toastd10,https://www.toastd.in/product/grytt--wheat-chain-gold
Lemon Life,899,0,899,17,0,,https://www.toastd.in/product/lemon-life-2
MUSIC CD DECOR SET - ALTERNATIVE,599,5,569.05,17,0,TOASTD5,https://www.toastd.in/product/reawakentheory-music-cd-decor-set-alternative
PRESSING HOOP - (SILVER UNPIERCED),299,10,269.1,17,0,Toastd10,https://www.toastd.in/product/grytt-pressing-hoop-silver
VINYL RECORDS - CIGARETTES AFTER SEX,1499,5,1424.05,17,0,TOASTD5,https://www.toastd.in/product/reawakentheory-vinyl-records-cigarettes-after-sex
Angel Jacquard Sweater,3699,10,3329.1,17,0,TOASTD10,https://www.toastd.in/product/ctrlplus-angel-jacquard-sweater
Matcha Cooler,325,0,325,16,0,,https://www.toastd.in/product/matcha-cooler
ROUND STUD - (MAGNETIC NON-PIERCED),499,10,449.1,16,0,Toastd10,https://www.toastd.in/product/grytt-round-studs-magnetic
FIGARO BRACELET (GOLD),599,10,539.1,16,0,Toastd10,https://www.toastd.in/product/grytt-figaro-bracelet-gold
TENNIS CHAIN (20 INCH),1299,10,1169.1,16,0,Toastd10,https://www.toastd.in/product/tennis-chain
Aero Leggings Alfa Beige,2799,0,2799,16,0,,https://www.toastd.in/product/aero-legging
NO PIERCING EARRING COMBO,999,10,899.1,16,0,Toastd10,https://www.toastd.in/product/grytt-no-piercing-earring-combo
PEARL HALF & HALF BRACELET (GOLD),799,10,719.1,16,0,Toastd10,https://www.toastd.in/product/grytt-pearl-half-nd-half-bracelet-gold
ROUND GOLD STUD - (MAGNETIC NON-PIERCED),599,10,539.1,16,0,Toastd10,https://www.toastd.in/product/grytt-round-gold-stud-magnetic-non-pierced
VINYL RECORDS - INDIE ROCK,1499,5,1424.05,15,0,TOASTD5,https://www.toastd.in/product/reawakentheory-vinyl-records-indie-rock
Soulshoe is Red,3398,0,3398,15,0,,https://www.toastd.in/product/soulgrip-powerlifting-soulshoe-pro-red
BYZANTINE BRACELET (SILVER),899,10,809.1,15,0,Toastd10,https://www.toastd.in/product/grytt-byzantine-bracelet-silver
FLASH PENDANT WITH CHAIN (SILVER),799,10,719.1,15,0,Toastd10,https://www.toastd.in/product/grytt-flash-pendant-with-chain-silver
VINYL RECORDS - LANA DEL REY,1499,5,1424.05,14,0,TOASTD5,https://www.toastd.in/product/reawakentheory-vinyl-records-lana-del-rey
WHEAT CHAIN (SILVER),799,10,719.1,14,0,Toastd10,https://www.toastd.in/product/grytt-wheat-chain-silver
Lana Vegan Leather Sling Bag,8600,20,6880,14,0,TOASTD20,https://www.toastd.in/product/greenhermitage-lana-vegan-leather-sling-bag
VINYL RECORDS - THE SMITHS,1499,5,1424.05,14,0,TOASTD5,https://www.toastd.in/product/reawakentheory-vinyl-records-the-smiths
SQUARE STUD - (MAGNETIC NON-PIERCED),499,10,449.1,13,0,Toastd10,https://www.toastd.in/product/grytt-square-stud-magnetic-non-pierced
VINYL RECORDS - THE WEEKND,1499,5,1424.05,12,0,TOASTD5,https://www.toastd.in/product/reawakentheory-vinyl-records-the-weeknd
CIPHER PENDANT WITH CHAIN (GOLD),1199,10,1079.1,12,0,Toastd10,https://www.toastd.in/product/grytt-cipher-pendant-with-chain-gold
VINYL RECORD - ROCKSTAR (THE FILM),1499,5,1424.05,12,0,TOASTD5,https://www.toastd.in/product/reawakentheory-vinyl-records-rockstar-the-film
VINYL RECORDS - LINKIN PARK,1499,5,1424.05,12,0,TOASTD5,https://www.toastd.in/product/reawakentheory-vinyl-records-linkin-park
FIGARO CHAIN (SILVER),799,10,719.1,11,0,Toastd10,https://www.toastd.in/product/grytt-figaro-chain-4mm-silver
TENNIS CHAIN (22 INCH),1499,10,1349.1,11,0,Toastd10,https://www.toastd.in/product/grytt-tennis-long-chain
FROSTED HOOP - (BLACK PIERCED),399,10,359.1,11,0,Toastd10,https://www.toastd.in/product/grytt-frosted-hoop-black
VINYL RECORDS - KENDRICK LAMAR,1499,5,1424.05,11,0,TOASTD5,https://www.toastd.in/product/reawakentheory-vinyl-records-kendrick-lamar
MICRO LINK BRACELET (GOLD),599,10,539.1,10,0,Toastd10,https://www.toastd.in/product/grytt-micro-link-bracelet-gold
ROPE BRACELET (SILVER),599,10,539.1,10,0,Toastd10,https://www.toastd.in/product/grytt-rope-bracelet-silver
MICRO LINK BRACELET (GOLD),599,10,539.1,10,0,Toastd10,https://www.toastd.in/product/grytt-micro-link-bracelet-gold
FLAT SNAKE Bracelet (GOLD),599,10,539.1,9,0,Toastd10,https://www.toastd.in/product/grytt-flat-snake-bracelet-gold
FLAT SNAKE Bracelet (SILVER),599,10,539.1,9,0,Toastd10,https://www.toastd.in/product/grytt-flat-snake-bracelet-silver
VINYL RECORDS - FRANK OCEAN,1499,5,1424.05,9,0,TOASTD5,https://www.toastd.in/product/reawakentheory-vinyl-records-frank-ocean
VINYL RECORDS - BILLIE EILISH,1499,5,1424.05,9,0,TOASTD5,https://www.toastd.in/product/reawakentheory-vinyl-records-billie-eilish
CIPHER PENDANT WITH CHAIN (SILVER),1199,10,1079.1,8,0,Toastd10,https://www.toastd.in/product/grytt-cipher-pendant-with-chain-silver
MICRO CUBAN BRACELET (SILVER),599,10,539.1,8,0,Toastd10,https://www.toastd.in/product/grytt-micro-cuban-bracelet-silver
MUSIC CD DECOR SET - ROCK,599,5,569.05,8,0,TOASTD5,https://www.toastd.in/product/reawakentheory-music-cd-decor-set-rock
FLASH PENDANT WITH CHAIN (GOLD),799,10,719.1,7,0,Toastd10,https://www.toastd.in/product/grytt-flash-pendant-with-chain-gold
VINYL RECORDS - THE STROKES,1499,5,1424.05,6,0,TOASTD5,https://www.toastd.in/product/reawakentheory-vinyl-records-the-strokes
VINYL RECORDS - ALTERNATIVE ROCK,1499,5,1424.05,5,0,TOASTD5,https://www.toastd.in/product/reawakentheory-vinyl-records-alternative-rock
VINYL RECORDS - MAC MILLER,1499,5,1424.05,5,0,TOASTD5,https://www.toastd.in/product/reawakentheory-vinyl-records-mac-miller
VINYL RECORDS - TV GIRL,1499,5,1424.05,5,0,TOASTD5,https://www.toastd.in/product/reawakentheory-vinyl-records-tv-girl
ROPE CHAIN (GOLD),799,10,719.1,4,0,Toastd10,https://www.toastd.in/product/grytt-rope-chain-gold
MUSIC CD DECOR SET - SOFTCORE,599,5,569.05,2,0,TOASTD5,https://www.toastd.in/product/reawakentheory-music-cd-decor-set-softcore
