id,name,price,final_price,discount,is_discounted,brand_id,category_id,tags,image_count,video_count,view_count,vote_count,is_active,is_discoverable
66d727eb-7e35-488b-8c65-0cadbd554c0c,India's Most Effective Portable Air Purifier (Blush Pink),3199,2559.2,20,TRUE,10a26ce8-92c3-4f6f-ae04-4c83a649e9cd,8045bd2c-d72c-42c8-9152-6cc6a8c62075,Made in India|Immunity Booster|Air Purifier,8,1,47753,4,TRUE,TRUE
f3fcc346-2afa-4d77-a33a-433aff094d0e,F1 Monaco 3D Wall Frame (Geographic),2249,2024.1,10,TRUE,d3a3ce86-b6cd-4cd6-ae26-7d2f443fc0fe,0181774c-41c6-439d-8d53-75c3848e2a54,Durable|Wooden Frame,9,1,45887,14,TRUE,TRUE
f2fdef0e-4b09-4623-b9c4-b5d486bf05ec,GOKU Rug,8999,8999,0,FALSE,e363102f-0ede-4118-bdee-cd8c761232c9,0181774c-41c6-439d-8d53-75c3848e2a54,Made in India|Handmade|Rugs,3,1,43290,3,TRUE,TRUE
b1b1205a-b0f3-4205-ae2c-d5c7d2988a2b,Aruval / BLADELINE,4500,4275,5,TRUE,e3afc012-d098-4dc9-a98c-26d8b17225e1,2744b95e-36ee-4abb-b896-225a7d22d728,Portable,4,1,42888,0,TRUE,TRUE
e3f25bb7-24b5-43ed-a2c5-4aa3c2b8d110,MEMENTO MORI | LIFE CALENDER - METAL FRAME - RED STYLE,1997,1797.3,10,TRUE,d86cee20-6f62-4475-8047-7dce8ae6f8c4,eb232420-804d-4165-9cbe-8266ababcbee,Made in India,6,0,42397,0,TRUE,TRUE
2f5cd077-8139-49d0-a543-db4b861f2b01,Heat 551 Chest Bag,2800,2660,5,TRUE,e3afc012-d098-4dc9-a98c-26d8b17225e1,ba4ed8a0-5dac-4390-bc61-9446e374ab3b,Portable|Smash Your Goals,9,1,41885,4,TRUE,TRUE
e094e381-c423-48ce-8511-9818be2df745,Strobe Dual Handle Bag - Navy,2650,2252.5,15,TRUE,bbba5e22-61f6-4581-bf09-5c131c65600e,2744b95e-36ee-4abb-b896-225a7d22d728,Homegrown Brand|Recycled Materials,9,0,40098,0,TRUE,TRUE
fdbbe0af-d459-46bc-9f4c-6c9fd3a79178,VINTAGE BOLLYWOOD - WALL COLLAGE POSTERS,599,569.05,5,TRUE,ede98d11-07c8-4a2c-a827-7e370f566e01,0181774c-41c6-439d-8d53-75c3848e2a54,Aesthetic,6,0,40037,2,TRUE,TRUE
d082d408-dc8d-4be5-8884-38394594ea72,Mango Madness (PACK OF 7),770,693,10,TRUE,18eeab5b-cff2-4cc7-8a1a-415ee54653a1,36b291ec-3666-4da1-9f51-82fa2df373a5,No Preservatives|Vegan|High Protein|No Sugar|Muscle Building,5,1,39475,1,TRUE,TRUE
590add82-98c3-4eb5-8e87-9a43f9a60d3e,Umi - The Ocean,1799,1529.15,15,FALSE,597c3d41-2881-4d00-b8a2-53bf46a71bec,3142d0c8-1de1-408f-9ed9-45087b116967,Premium Ingredients |Unisex,6,0,38667,9,TRUE,TRUE
a198766c-4c06-4fe2-9196-bbb7a4f5f10e,Spring Ball Lamp,2950,2950,0,FALSE,f48d0a26-7c78-44e0-9dcf-5d945ca10f17,0181774c-41c6-439d-8d53-75c3848e2a54,Made in India|Hand Made,8,2,38148,3,TRUE,TRUE
81d38358-ce93-4527-907a-9d2778d0cc65,MIRROR SPECTACULAR,3999,3599.1,10,TRUE,bb1424d3-239e-4162-b888-09b20c641417,0181774c-41c6-439d-8d53-75c3848e2a54,Aesthetic|Homegrown Brand|Handmade,8,1,37526,1,TRUE,TRUE
684445dc-ac00-4c30-ac7d-69022426d249,GoOats Protein Oats- Tiramisu Flavour,649,584.1,10,TRUE,18eeab5b-cff2-4cc7-8a1a-415ee54653a1,36b291ec-3666-4da1-9f51-82fa2df373a5,No Preservatives|Vegan|High Protein|No Sugar|Muscle Building,9,1,36831,4,TRUE,TRUE
dcd2e3aa-7ca3-4dc5-b423-d2e667e33fd7,Perpetual Calendar - WeAreNotice,1499,1349.1,10,TRUE,bb1424d3-239e-4162-b888-09b20c641417,0181774c-41c6-439d-8d53-75c3848e2a54,Aesthetic|Homegrown Brand,11,1,36766,10,TRUE,TRUE
dafec133-5c4b-4e32-acee-b7e45b1ed504,Yoru - The Night,1999,1699.15,15,FALSE,597c3d41-2881-4d00-b8a2-53bf46a71bec,3142d0c8-1de1-408f-9ed9-45087b116967,Premium Ingredients |Unisex,5,0,36713,6,TRUE,TRUE
2de60dd6-cd73-4fbc-a556-a2704fe3719b,CALL ME IF YOU GET LOST MIRROR,3599,3419.05,5,TRUE,ede98d11-07c8-4a2c-a827-7e370f566e01,0181774c-41c6-439d-8d53-75c3848e2a54,Aesthetic,5,0,36698,0,TRUE,TRUE
357fcab8-59e7-471a-8d6e-7040fc275eb4,Dark Knight Hoodie,3699,3329.1,10,TRUE,77b25ed0-28d3-4a7f-ad25-14cdea73fe35,c89321cf-e6f1-4f98-a0d9-beb4e54ed535,Made in India|240 GSM|Oversized fit,4,0,36691,0,TRUE,TRUE
00e48da1-74ff-45ee-b4ac-93d8b1cd5c60,DIY Fluid Wheel Art Kit,1799,1529.15,15,TRUE,00ecd5f3-55e3-4574-8175-3a4c18a1dc1a,a7d02d6f-c19e-4490-a4e9-702fcdfbe9cd,DIY Kit|Child Friendly,7,0,36683,2,TRUE,TRUE
23fd7aa0-e8c1-4325-8580-0147aa763752,TRIDENT PENDANT WITH CHAIN (SILVER),999,899.1,10,TRUE,add0588c-9141-496a-90c0-b2e3053342b2,eb232420-804d-4165-9cbe-8266ababcbee,Jewellery|Aesthetic,4,0,36674,0,TRUE,TRUE
1b6a3365-1396-42ed-82d6-ead1d62114bb,Droid sipper flask,1799,1709.05,5,TRUE,6a6004cd-08dc-468c-9a74-4ca0a177a8b9,c10c83eb-1d7e-4f3d-bbbd-92a3fbcc3b0a,Durable|Double wall glass,10,1,36669,0,TRUE,TRUE
2013c621-d8b0-4815-abfb-e336f8979d27,ONE PIECE WANTED POSTERS - WALL COLLAGE POSTERS,599,569.05,5,TRUE,ede98d11-07c8-4a2c-a827-7e370f566e01,0181774c-41c6-439d-8d53-75c3848e2a54,Vintage,6,0,36134,1,TRUE,TRUE
3ea0e4a1-a49f-4861-bb7a-f2ae9405ffca,BAT WASHED T-SHIRT,899,809.1,10,TRUE,77b25ed0-28d3-4a7f-ad25-14cdea73fe35,c89321cf-e6f1-4f98-a0d9-beb4e54ed535,240 GSM|Oversized fit,5,1,35259,3,TRUE,TRUE
2308687d-932b-40e4-a66a-e52a5e5b9d22,CARGO WANDERER BACKPACK - Beige,5850,4972.5,15,TRUE,bbba5e22-61f6-4581-bf09-5c131c65600e,2744b95e-36ee-4abb-b896-225a7d22d728,Recycled Materials,7,1,34272,4,TRUE,TRUE
1652f65d-b2ab-4e0b-bf04-b7692f3cdd74,Taylor Swift Vinyl Collage Posters,599,569.05,5,TRUE,ede98d11-07c8-4a2c-a827-7e370f566e01,0181774c-41c6-439d-8d53-75c3848e2a54,Aesthetic,4,0,34150,0,TRUE,TRUE
81e75fe2-141c-404c-9dd1-84209393f828,ITâ€™S A YES! RING - 18K GOLD-PLATED,1499,1349.1,10,TRUE,62df3867-8210-436b-bdbb-fe7ad126f4fc,eb232420-804d-4165-9cbe-8266ababcbee,Jewellery|Aesthetic,4,0,32163,1,TRUE,TRUE
38ee23e5-617f-4406-87fc-62bdc26e839f,Zesty Lemon Iced Tea (Sugar-Free) ,399,359.1,10,TRUE,81576538-36ae-4183-bcb7-dcf082ef26f9,36b291ec-3666-4da1-9f51-82fa2df373a5,No Sugar,5,3,31801,27,TRUE,TRUE
ee794211-a3b5-4453-9f89-1bab5e49573e,DIY Korean Gochujang Ramen Kit for 2,949.5,759.6,20,TRUE,1cdaa326-02b3-4b53-a76b-38bf8f75ae68,36b291ec-3666-4da1-9f51-82fa2df373a5,Shark Tank India|DIY Kit,6,1,30363,1,TRUE,TRUE
1da06107-dbea-4152-8869-62a8070176bd,Kitsters X Chefling â€“ Sushi Kit for 2,1299,1104.15,15,TRUE,00ecd5f3-55e3-4574-8175-3a4c18a1dc1a,36b291ec-3666-4da1-9f51-82fa2df373a5,DIY Kit,4,2,30341,52,TRUE,TRUE
d9910974-a1b4-44cd-bc36-e2d0fd3687ea,DIY Light Bottle Painting Kit,899,764.15,15,TRUE,00ecd5f3-55e3-4574-8175-3a4c18a1dc1a,0181774c-41c6-439d-8d53-75c3848e2a54,DIY Kit,6,2,26626,58,TRUE,TRUE
f5d845f3-cf2b-42cb-bbf3-b5baa899fdda,Minimalist Barefoot Shoe,4799,4319.1,10,TRUE,56e251d6-e7a2-4ed5-8380-b71fa7f2ce27,ba4ed8a0-5dac-4390-bc61-9446e374ab3b,Unisex|Barefoot|Planet-Friendly,12,1,25337,96,TRUE,TRUE
2ce639e2-080c-4c9a-97a6-ce3fdce09bad,HABIT TRACKER,299,269.1,10,TRUE,d86cee20-6f62-4475-8047-7dce8ae6f8c4,ba4ed8a0-5dac-4390-bc61-9446e374ab3b,Made in India|Smash Your Goals,5,1,21675,32,TRUE,TRUE
4be38a81-94b5-4a70-8b8f-0035db07fd8d,Serve Air Pickleball Paddle,2999,2549.15,15,TRUE,c1efd4db-cc33-4d6a-bfda-6dec5d2cdd61,ba4ed8a0-5dac-4390-bc61-9446e374ab3b,Pickleball,4,1,15160,5,TRUE,TRUE
4e1cf846-48d0-4112-8bd6-356ac60dbb9d,PureFlow Nasal Strips ,699,629.1,10,TRUE,cfe4e982-c706-4a42-859e-fb895564e04d,8045bd2c-d72c-42c8-9152-6cc6a8c62075,,5,2,11035,95,TRUE,TRUE
2796aafa-9fa8-4163-b7ca-3dd13a65ece0,American Trail Mix (150g pack),400,360,10,TRUE,8d0662c7-f3bc-4ae6-8545-11ef0a7c7e9a,36b291ec-3666-4da1-9f51-82fa2df373a5,Yummy,7,1,9445,15,TRUE,TRUE
6a2d6762-6d55-40fb-9c03-aa68bd3bbaee,DIY Texture Painting Kit,1499,1274.15,15,TRUE,00ecd5f3-55e3-4574-8175-3a4c18a1dc1a,34c55cd6-f03f-4c89-9e8c-1cefa05e5650,DIY Kit,6,3,9356,28,TRUE,TRUE
a752b103-8925-4440-84d9-2bbf4878a4a5,Taylor Swift Vinyl Record Posters,1499,1424.05,5,TRUE,ede98d11-07c8-4a2c-a827-7e370f566e01,0181774c-41c6-439d-8d53-75c3848e2a54,Aesthetic,5,1,6789,24,TRUE,TRUE
0cdd0bba-ed86-4bd0-8e1b-d63cfd7c10c3,Serve Pro Pickleball Paddle,7999,6799.15,15,TRUE,c1efd4db-cc33-4d6a-bfda-6dec5d2cdd61,ba4ed8a0-5dac-4390-bc61-9446e374ab3b,Made in India|Pickleball,3,1,5518,25,TRUE,TRUE
73a2cc0f-8aa5-4c17-96bb-50d139a6c178,3D Printed Halo Lamp,3800,3230,15,TRUE,77fa74e6-575d-4cd8-b65f-22cf6b6e3c0d,0181774c-41c6-439d-8d53-75c3848e2a54,,8,1,5283,29,TRUE,TRUE
9bda648c-4408-4804-a62a-ea11d04b60e3,Cherry Bag Charm,899,809.1,10,TRUE,4518fdd0-f929-440e-9288-e19c5f51e191,eb232420-804d-4165-9cbe-8266ababcbee,,5,1,5243,22,TRUE,TRUE
b8fdf1fd-3be3-48ba-a484-f54a78f3f0d1,STOP SIGN - AESTHETIC ROAD SIGNS,3499,3324.05,5,TRUE,ede98d11-07c8-4a2c-a827-7e370f566e01,0181774c-41c6-439d-8d53-75c3848e2a54,Aesthetic,4,1,5032,17,TRUE,TRUE
83ed881e-fef9-4c9d-bea8-1935f0b0025d,Kitsters â€“ S.S. Sling Bag,1999,1699.15,15,TRUE,00ecd5f3-55e3-4574-8175-3a4c18a1dc1a,eb232420-804d-4165-9cbe-8266ababcbee,DIY Kit,6,2,4866,29,TRUE,TRUE
8d08ffb4-b532-421e-a9c7-0fdd8dd1a650,A Deo That Performes Under Intense Activities,399,359.1,10,TRUE,2354285c-64c1-4a2c-ac68-389ba5305847,ba4ed8a0-5dac-4390-bc61-9446e374ab3b,Probiotic|Aluminium & Paraben Free,6,2,4731,29,TRUE,TRUE
954631f1-4674-4615-8864-cfa0bc84f501,PERRY Tote Bag,1743,1481.55,15,TRUE,48ccd874-b1cd-4805-b0cc-d6fa863b1212,2744b95e-36ee-4abb-b896-225a7d22d728,Made in India|Unisex|Hand Made,8,2,4277,13,TRUE,TRUE
961b6965-47a5-4a8e-b643-619cb668597c, 2 Air Fiber Glass Paddles & 2 Balls,5500,4675,15,TRUE,c1efd4db-cc33-4d6a-bfda-6dec5d2cdd61,ba4ed8a0-5dac-4390-bc61-9446e374ab3b,Pickleball,4,2,4062,37,TRUE,TRUE
d44bb982-9ca1-46a8-b41b-26202209432e,Godpill Testosterone Supplement for Men (30 servings),899,764.15,15,TRUE,850c85fb-8528-43f4-a069-e5018435d91d,8045bd2c-d72c-42c8-9152-6cc6a8c62075,Indian Supplement Brand|Muscle Building,11,1,4010,2,TRUE,TRUE
b0798fec-46de-48d9-a020-e2d9d8ece29b,3D Printed Poco Circle Lamp,1950,1657.5,15,TRUE,77fa74e6-575d-4cd8-b65f-22cf6b6e3c0d,0181774c-41c6-439d-8d53-75c3848e2a54,Recycled Materials|3-D Printed,21,0,3807,9,TRUE,TRUE
497538d9-b666-4718-b1d2-948041300bb8,Edulis Fungus Lamp,2599,2339.1,10,TRUE,d3a3ce86-b6cd-4cd6-ae26-7d2f443fc0fe,0181774c-41c6-439d-8d53-75c3848e2a54,3-D Printed,4,1,3674,14,TRUE,TRUE
21915443-1d5b-4fc6-af87-d97694e18ea0,Dopamine Cookies (Box of 6),1250,1125,10,TRUE,6d396f59-822c-4526-97c6-4ba9041cf065,36b291ec-3666-4da1-9f51-82fa2df373a5,Homegrown Brand|Yummy,8,2,3274,28,TRUE,TRUE
2605572f-c300-4f84-8d8b-31da950858ba,Clear Gut | Improves Gut Health | Pleasant Herbal Taste,599,539.1,10,TRUE,c8ab135a-13c9-412f-b9f9-818f00b075b5,8045bd2c-d72c-42c8-9152-6cc6a8c62075,Gut Cleanser|Ayurveda,6,0,3102,22,TRUE,TRUE
b3ee9e94-0c2d-458c-b6bf-163201c9214b,"Original Indian Masala Chai | Bold Assam CTC Blend, Traditional Spice Harmony | 200g",340,306,10,TRUE,81576538-36ae-4183-bcb7-dcf082ef26f9,36b291ec-3666-4da1-9f51-82fa2df373a5,No Sugar,13,1,2739,21,TRUE,TRUE
e8a9d0ba-5dcd-4052-b256-f37164a8f5d6,Sober & Co Sampler: Try All Our Flavours!,499,399.2,20,TRUE,4f8dcca2-e320-45ee-a4ad-547277fac783,36b291ec-3666-4da1-9f51-82fa2df373a5,Alcohol Free|Shark Tank India|No Sugar,8,2,2395,14,TRUE,TRUE
d56ab323-df96-45d5-a9ef-e28f6192c340,MAGMATE Classic - Fun Magnetic Game,599,479.2,20,TRUE,9dc85ca1-823d-41c7-bb2e-6b86f39c7327,a7d02d6f-c19e-4490-a4e9-702fcdfbe9cd,Kids|Magnets,5,1,2379,34,TRUE,TRUE
391502e4-23a0-480a-9c42-90e3fe76e2eb,VINYL RECORDS - TRAVIS SCOTT Poster,1499,1424.05,5,TRUE,ede98d11-07c8-4a2c-a827-7e370f566e01,0181774c-41c6-439d-8d53-75c3848e2a54,Vintage,3,1,2313,10,TRUE,TRUE
27a852d5-d9bb-446a-9651-635add3d9839,100% Ready to Eat Yummy Dips ,758,598.82,21,TRUE,e4bccaf5-7234-4018-8e03-0b33fb31c5b4,36b291ec-3666-4da1-9f51-82fa2df373a5,International Flavors,4,1,2292,17,TRUE,TRUE
5708fc85-ea39-47dd-ba9a-876691994620,Dubai Bling Earrings,949,854.1,10,TRUE,4518fdd0-f929-440e-9288-e19c5f51e191,eb232420-804d-4165-9cbe-8266ababcbee,Non-Basic Bling,5,1,2289,39,TRUE,TRUE
1583f0d8-03dd-4148-9e46-c2a6f959e744,Nutella Sea Salt â€“ The Cookie That Knows What You Need,250,225,10,TRUE,6d396f59-822c-4526-97c6-4ba9041cf065,36b291ec-3666-4da1-9f51-82fa2df373a5,Homegrown Brand|Yummy,3,1,2265,15,TRUE,TRUE
3bdd7dc8-26a7-4725-8d93-ae4896fa21f2,White Chocolate Macadamia Cookie ,250,225,10,TRUE,6d396f59-822c-4526-97c6-4ba9041cf065,36b291ec-3666-4da1-9f51-82fa2df373a5,Homegrown Brand|Yummy,3,1,2187,27,TRUE,TRUE
b22f0953-8c5c-47ac-908b-6863a3ab006e,DIY Solar Printing Cyanotype Kit,1750,1487.5,15,TRUE,00ecd5f3-55e3-4574-8175-3a4c18a1dc1a,34c55cd6-f03f-4c89-9e8c-1cefa05e5650,DIY Kit,6,2,2072,32,TRUE,TRUE
5292e413-b25d-42f2-888e-d0ddc1cc6077,FORMULA 1 WALL COLLAGE POSTERS,599,569.05,5,TRUE,ede98d11-07c8-4a2c-a827-7e370f566e01,0181774c-41c6-439d-8d53-75c3848e2a54,Aesthetic,4,3,2060,23,TRUE,TRUE
1284e64d-7af9-412a-8559-440a9fad331e,Truffle Potato Chips Party Pack,600,540,10,TRUE,8d0662c7-f3bc-4ae6-8545-11ef0a7c7e9a,36b291ec-3666-4da1-9f51-82fa2df373a5,Gluten-Free|Yummy,5,2,2052,10,TRUE,TRUE
7b70c89b-7dcc-45a3-8c38-f6a884aa6c98,DIY UV Resin Pendant Kit,1999,1699.15,15,TRUE,00ecd5f3-55e3-4574-8175-3a4c18a1dc1a,eb232420-804d-4165-9cbe-8266ababcbee,DIY Kit,6,2,1916,11,TRUE,TRUE
4bcdb008-36f2-4900-a357-41d1498d6ec3,MEMENTO MORI | LIFE CALENDER - METAL FRAME,1997,1797.3,10,TRUE,d86cee20-6f62-4475-8047-7dce8ae6f8c4,eb232420-804d-4165-9cbe-8266ababcbee,Made in India,4,0,1845,7,TRUE,TRUE
bbc61490-af31-4942-a60e-a868171335c1,Litele Duo â€“ A Smart Lamp That Understands You ðŸ’¡âœ¨,5999,5099.15,15,TRUE,77fa74e6-575d-4cd8-b65f-22cf6b6e3c0d,0181774c-41c6-439d-8d53-75c3848e2a54,Recycled Materials|3-D Printed,5,1,1821,21,TRUE,TRUE
880502ef-432e-40cc-afa5-476602c45a5a,Red Bull Ring F1 Track 3D Wall Frame,1699,1529.1,10,TRUE,d3a3ce86-b6cd-4cd6-ae26-7d2f443fc0fe,0181774c-41c6-439d-8d53-75c3848e2a54,Durable|Wooden Frame,4,0,1814,6,TRUE,TRUE
cd4cb95d-e254-43a4-b36d-d8303768bf26,The Perfect Set - Ruby & Morganite Body Serum Candles,2199,1979.1,10,TRUE,589ee95b-abd3-4ba5-8156-1a10ff246d76,3142d0c8-1de1-408f-9ed9-45087b116967,Body Scent Candles,5,1,1804,20,TRUE,TRUE
30d70fbd-ed24-4006-8cf6-7f90625b3555,SPACEWAVE AESTHETIC - WALL COLLAGE POSTERS,599,569.05,5,TRUE,ede98d11-07c8-4a2c-a827-7e370f566e01,0181774c-41c6-439d-8d53-75c3848e2a54,Aesthetic,5,0,1775,2,TRUE,TRUE
b1375837-0f70-48a8-86e2-f6e2f0b71db7,Put This On & Become a Merc with a Mouth (Minus the Healing Factor... Sorry!),4499,4049.1,10,TRUE,d3a3ce86-b6cd-4cd6-ae26-7d2f443fc0fe,eb232420-804d-4165-9cbe-8266ababcbee,3-D Printed,2,2,1761,9,TRUE,TRUE
38735211-78a8-4c7c-8270-8e37459bf1de,VINTAGE ADVERTISEMENTS Wall Posters,599,569.05,5,TRUE,ede98d11-07c8-4a2c-a827-7e370f566e01,0181774c-41c6-439d-8d53-75c3848e2a54,Vintage,10,0,1621,12,TRUE,TRUE
1f2cf741-740e-48ce-8ad3-c80377470fc6,Aquatein Protein Water - 10g of Pure Protein,594,534.6,10,TRUE,fa8bad02-77b6-4928-8d51-16dfb90f6459,8045bd2c-d72c-42c8-9152-6cc6a8c62075,Hyderation|High Protein|Indian Supplement Brand,6,1,1611,5,TRUE,TRUE
52eafcd4-8828-4158-91eb-68893ded4529,BROWNIE NACHOS (50G PACK),175,157.5,10,TRUE,8d0662c7-f3bc-4ae6-8545-11ef0a7c7e9a,36b291ec-3666-4da1-9f51-82fa2df373a5,Yummy,8,1,1605,10,TRUE,TRUE
21be4337-d5a4-426e-987a-ef2f5fce72f0,Kanye West Vinyl Records Poster,1499,1424.05,5,TRUE,ede98d11-07c8-4a2c-a827-7e370f566e01,0181774c-41c6-439d-8d53-75c3848e2a54,Vintage,2,2,1605,23,TRUE,TRUE
2710682e-ded2-47b1-96e1-698a39283b9b,MUSIC CD DECOR SET - RAP,599,569.05,5,TRUE,ede98d11-07c8-4a2c-a827-7e370f566e01,0181774c-41c6-439d-8d53-75c3848e2a54,Vintage,7,1,1561,1,TRUE,TRUE
7e7a26e5-52db-4a2b-9bab-ab334b992c1f,Aquatein Electrolyte Water,40,36,10,TRUE,fa8bad02-77b6-4928-8d51-16dfb90f6459,ba4ed8a0-5dac-4390-bc61-9446e374ab3b,Hyderation|Indian Supplement Brand,7,1,1450,14,TRUE,TRUE
ec9de733-566e-4620-9869-f80f497f6fd7,Ferrari F1 Car Rug,3800,-5700,250,TRUE,36879077-cf92-4b05-b351-5aa2b810ca02,0181774c-41c6-439d-8d53-75c3848e2a54,Aesthetic|Pet Friendly|Rugs,4,0,1384,6,TRUE,TRUE
9a7ee3e3-9bcd-4ebb-98c8-2441244f1eab,Anti Social Traditional Design Rug,3500,-5250,250,TRUE,36879077-cf92-4b05-b351-5aa2b810ca02,0181774c-41c6-439d-8d53-75c3848e2a54,Aesthetic|Pet Friendly|Rugs|Child Friendly,5,0,1343,1,TRUE,TRUE
f5cbd619-ccfe-4083-8a0b-efdff90a9722,DIY Shadu Mati Ganpati Kit,1199,1019.15,15,TRUE,00ecd5f3-55e3-4574-8175-3a4c18a1dc1a,eb232420-804d-4165-9cbe-8266ababcbee,DIY Kit|Child Friendly,8,1,1333,2,TRUE,TRUE
2bc28067-6918-448d-b5b4-6d1ec435a75b,Kiwi Salt Electrolytes- 10 Sticks,699,594.15,15,TRUE,c05f46b3-5324-494f-9200-66b313d65bd2,ba4ed8a0-5dac-4390-bc61-9446e374ab3b,Made in India|Hyderation|Vegan|No Sugar,8,0,1325,10,TRUE,TRUE
b79edebd-02be-494c-a7a7-4991b651c3e5,AESTHETIC TRAFFIC MIRROR,2999,2849.05,5,TRUE,ede98d11-07c8-4a2c-a827-7e370f566e01,0181774c-41c6-439d-8d53-75c3848e2a54,Aesthetic,5,1,1315,21,TRUE,TRUE
4538b94e-774f-431f-a609-175a9104e33d,DIY Perfume Kit,3999,3399.15,15,TRUE,00ecd5f3-55e3-4574-8175-3a4c18a1dc1a,eb232420-804d-4165-9cbe-8266ababcbee,DIY Kit,5,1,1309,9,TRUE,TRUE
0d86e46b-cfee-46af-be7e-acd310f2267a,Aruval / GHOST,4700,4465,5,TRUE,e3afc012-d098-4dc9-a98c-26d8b17225e1,eb232420-804d-4165-9cbe-8266ababcbee,Portable,8,0,1301,3,TRUE,TRUE
24d46107-755a-4f93-82d5-bfc7b172fc47,Guava Salt Electrolytes- 10 Sticks,699,594.15,15,TRUE,c05f46b3-5324-494f-9200-66b313d65bd2,ba4ed8a0-5dac-4390-bc61-9446e374ab3b,Made in India|Hyderation|No Sugar,8,0,1256,13,TRUE,TRUE
ad791091-ca00-45dc-aa9a-6b62774a4588,Creatine Hcl Original | 100% Pure,489,415.65,15,TRUE,850c85fb-8528-43f4-a069-e5018435d91d,8045bd2c-d72c-42c8-9152-6cc6a8c62075,Indian Supplement Brand|Muscle Building|Creatine,12,1,1246,3,TRUE,TRUE
4cbc2246-e6fc-4133-87c5-f28a81de9c03,Silverstone 3D F1 Wall Frame,1699,1529.1,10,TRUE,d3a3ce86-b6cd-4cd6-ae26-7d2f443fc0fe,0181774c-41c6-439d-8d53-75c3848e2a54,Durable|Wooden Frame,5,0,1235,9,TRUE,TRUE
c3f648c5-2e3e-4971-9233-5a24d41e6c8e,Raw Rolling Paper Rug,2300,-3450,250,TRUE,36879077-cf92-4b05-b351-5aa2b810ca02,0181774c-41c6-439d-8d53-75c3848e2a54,Aesthetic|Pet Friendly|Rugs,4,1,1201,5,TRUE,TRUE
54078b11-c60e-4a97-8812-aa61541b8ea3,Goodyear Welted Black Crust Zipper Chelsea Boot,12999,12349.05,5,TRUE,ace06170-4b61-43f9-a135-1a259f0d6cc7,20640a30-9228-4b69-91db-024c45920487,Leather|Handmade,5,2,1201,2,TRUE,TRUE
5a42e9da-0c48-47da-b3ac-2e45d6a47bd8,"SUKOON | For Sleep, Relaxation, Stress & Anxiety ",599,539.1,10,TRUE,c8ab135a-13c9-412f-b9f9-818f00b075b5,8045bd2c-d72c-42c8-9152-6cc6a8c62075,Stress Buster,6,1,1194,25,TRUE,TRUE
b8a8b6d4-6f6b-442b-8858-388268c5e775,Assorted Protein Box (Pack of 6) - 420g,549,494.1,10,TRUE,18eeab5b-cff2-4cc7-8a1a-415ee54653a1,36b291ec-3666-4da1-9f51-82fa2df373a5,No Preservatives|High Protein|No Sugar|Muscle Building,5,1,1192,8,TRUE,TRUE
a24def60-4e38-454c-9f6f-4838e1f2c9dc,3D Printed portable table lamp,5999,5099.15,15,TRUE,77fa74e6-575d-4cd8-b65f-22cf6b6e3c0d,0181774c-41c6-439d-8d53-75c3848e2a54,3-D Printed,11,2,1188,78,TRUE,TRUE
7b9d9a57-d3e9-4715-9242-a2fc2603cb4c,Ferrari Roma Set,3400,3060,10,TRUE,575d67d3-872e-4539-a4f8-4f90cb35b6bf,eb232420-804d-4165-9cbe-8266ababcbee,DIY Kit,3,2,1187,8,TRUE,TRUE
7ff07408-4832-44dd-809e-baa58ebb02f5,DIY Taco Kit for 2,799.5,639.6,20,TRUE,1cdaa326-02b3-4b53-a76b-38bf8f75ae68,36b291ec-3666-4da1-9f51-82fa2df373a5,Shark Tank India|DIY Kit,6,2,1177,4,TRUE,TRUE
5037c32f-4dc6-4f06-86b4-3125b0cd1fef,Heart Hoops Earrings,699,629.1,10,TRUE,4518fdd0-f929-440e-9288-e19c5f51e191,eb232420-804d-4165-9cbe-8266ababcbee,Non-Basic Bling,3,1,1169,2,TRUE,TRUE
1c8eb8dd-a1e1-49a8-ad1e-25efbdb2d63f,PUREREST MOUTH TAPE by PureFlow,699,629.1,10,TRUE,cfe4e982-c706-4a42-859e-fb895564e04d,8045bd2c-d72c-42c8-9152-6cc6a8c62075,Better Sleep,5,2,1166,13,TRUE,TRUE
12d54404-14de-4d24-b1e0-d7d7827ebefc,Hivado Body Wash for Men 250ml,495,445.5,10,TRUE,488db869-2abe-4687-8ab2-6373b73a20c3,20640a30-9228-4b69-91db-024c45920487,Premium Ingredients |Skincare,8,1,1125,8,TRUE,TRUE
9b874d08-a64d-4a35-930e-3bd20d916e9a,Lunar Necklace,899,809.1,10,TRUE,4518fdd0-f929-440e-9288-e19c5f51e191,eb232420-804d-4165-9cbe-8266ababcbee,Non-Basic Bling,7,1,1114,2,TRUE,TRUE
64d940a6-9894-419e-9bdb-54f135168182,FITNESS & DIET PLANNER,798,718.2,10,TRUE,d86cee20-6f62-4475-8047-7dce8ae6f8c4,ba4ed8a0-5dac-4390-bc61-9446e374ab3b,Smash Your Goals,11,1,1079,4,TRUE,TRUE
0b625a69-a723-442b-8e0a-20d43979709f,AtomEats Pretzel Variety Pack,558,502.2,10,TRUE,8d0662c7-f3bc-4ae6-8545-11ef0a7c7e9a,36b291ec-3666-4da1-9f51-82fa2df373a5,Yummy,8,2,1079,11,TRUE,TRUE
0297e552-c705-42da-a8ad-be434d2113b6,TETRAPOD Paperweight,799,719.1,10,TRUE,bb1424d3-239e-4162-b888-09b20c641417,0181774c-41c6-439d-8d53-75c3848e2a54,Aesthetic|Homegrown Brand,6,1,1048,3,TRUE,TRUE
0ac2b4b0-fd3b-48db-8b22-4e502b3a6d77,Lilac Luxe Dress,2999,2699.1,10,TRUE,c42f5b21-f71a-43e4-b57d-046ccc70137e,c89321cf-e6f1-4f98-a0d9-beb4e54ed535,Women Owned|Bodyfit,3,1,1037,7,TRUE,TRUE
0e22250a-faed-4454-8e46-f3201f799c4c,LOOP Laptop Stand - Graphite,2770,2354.5,15,TRUE,cfb92136-3d3e-49d1-9ebb-0e7d894133a6,ee349fe1-53ee-4418-8b2d-a0be23b8c24a,Durable|Portable,5,1,1002,0,TRUE,TRUE
8b2b5734-1494-4df5-a09a-3faf911b4c4f,SPRING TABLE,7499,6749.1,10,TRUE,bb1424d3-239e-4162-b888-09b20c641417,0181774c-41c6-439d-8d53-75c3848e2a54,Aesthetic|Handmade,9,2,998,2,TRUE,TRUE
00e41c80-4078-4c90-adff-8bc8c1e7876f,Lotus Biscoff Cookie ,250,225,10,TRUE,6d396f59-822c-4526-97c6-4ba9041cf065,36b291ec-3666-4da1-9f51-82fa2df373a5,Homegrown Brand|Yummy,3,1,989,8,TRUE,TRUE
1bb62951-f54d-4a28-b601-bfcd19941415,Choco Pretzel Assorted (30 g x 3 Packs),360,324,10,TRUE,8d0662c7-f3bc-4ae6-8545-11ef0a7c7e9a,36b291ec-3666-4da1-9f51-82fa2df373a5,Yummy|Baked|Low Calorie,8,1,957,4,TRUE,TRUE
3878abc5-f5ee-4299-9410-519d20fd26e0,Double Chocolate Cookie ,250,225,10,TRUE,6d396f59-822c-4526-97c6-4ba9041cf065,36b291ec-3666-4da1-9f51-82fa2df373a5,Homegrown Brand|Yummy,3,1,929,14,TRUE,TRUE
9cf5ef8f-9f98-4855-9b10-7bc9f1cd8151,VINTAGE COMIC BOOK COVERS - WALL COLLAGE POSTERS,599,569.05,5,TRUE,ede98d11-07c8-4a2c-a827-7e370f566e01,0181774c-41c6-439d-8d53-75c3848e2a54,Aesthetic,5,1,915,5,TRUE,TRUE
9887b0db-c124-4ac6-be0b-3097fd6c7fbc,Onigod Smelling Salt | for intermediate lifters,349,296.65,15,TRUE,850c85fb-8528-43f4-a069-e5018435d91d,ba4ed8a0-5dac-4390-bc61-9446e374ab3b,Indian Supplement Brand|Muscle Building,4,0,896,1,TRUE,TRUE
fdf8f2c8-7cd3-4b3c-a593-18e1fd8f937b,Korea's Cheesy Gochujang Gourmet Dip With Baked Lavash Chips,349,275.71,21,TRUE,e4bccaf5-7234-4018-8e03-0b33fb31c5b4,36b291ec-3666-4da1-9f51-82fa2df373a5,International Flavors,7,1,884,15,TRUE,TRUE
89cbd3f1-b186-4ad1-acb3-251c3c09b8d0,DIY Barbecue Kit With Grill,1399.5,1119.6,20,TRUE,1cdaa326-02b3-4b53-a76b-38bf8f75ae68,36b291ec-3666-4da1-9f51-82fa2df373a5,Shark Tank India|DIY Kit,6,1,849,4,TRUE,TRUE
908d11cb-96b8-45c5-b05b-e2ca77e65503,Baobab Fruit Powder,249,236.55,5,TRUE,fdf31f51-27b0-4d49-8d9d-8c84e3232918,8045bd2c-d72c-42c8-9152-6cc6a8c62075,Gut Friendly|Immunity Booster|Ayurveda,5,2,814,18,TRUE,TRUE
1049fdab-9938-4f4b-834c-9a505802b3fe,Bhutan's Ema Datshi Gourmet Dip With Baked Lavash Chips (Combo),338,267.02,21,TRUE,e4bccaf5-7234-4018-8e03-0b33fb31c5b4,36b291ec-3666-4da1-9f51-82fa2df373a5,International Flavors,6,0,779,13,TRUE,TRUE
96bc220d-8a04-411e-aaca-50ae01027c21,Vegan Leather Card Holder,2400,1920,20,TRUE,915a7c0b-6db5-415a-bf8a-c32f573e9be3,eb232420-804d-4165-9cbe-8266ababcbee,Vegan Leather|Women Owned,5,1,757,4,TRUE,TRUE
abeb352e-3fa7-40f5-9f81-341179b1ed0b,Metal Lightsaber Lighter,1179,1061.1,10,TRUE,d3a3ce86-b6cd-4cd6-ae26-7d2f443fc0fe,eb232420-804d-4165-9cbe-8266ababcbee,Portable,4,1,734,2,TRUE,TRUE
e42f0f54-c038-4f6f-857e-829096a2c64e,OUD FATALE: EAU DE PARFUM,2499,1999.2,20,TRUE,f8ba2be8-e6ec-4144-9360-5ccc5c7f85d4,aa10186a-f3a1-48e7-bff0-93d314f200a3,Premium Ingredients |Women Owned,6,1,716,6,TRUE,TRUE
b69029d9-c832-4d2d-b634-8ac943bd4d52,Citrus Salt Electrolytes- Pack of 10,699,594.15,15,TRUE,c05f46b3-5324-494f-9200-66b313d65bd2,ba4ed8a0-5dac-4390-bc61-9446e374ab3b,Hyderation|No Sugar,9,0,670,9,TRUE,TRUE
94ef9d89-2ef7-408d-b32d-d8e0bbfada14,Demigrip Liquid Gym Chalk | 100+ uses,199,169.15,15,TRUE,850c85fb-8528-43f4-a069-e5018435d91d,ba4ed8a0-5dac-4390-bc61-9446e374ab3b,Indian Supplement Brand|Muscle Building,8,0,659,3,TRUE,TRUE
017d0fe0-11f2-41dd-9b35-4f179fc754de,Travis Design Shoe Rug,3850,-5775,250,TRUE,36879077-cf92-4b05-b351-5aa2b810ca02,0181774c-41c6-439d-8d53-75c3848e2a54,Aesthetic|Pet Friendly|Rugs,4,1,657,2,TRUE,TRUE
138e0c98-697e-4d0d-8291-8b7d82bd82cf,Blonde Receipt Washable Printed Custom Rug,3200,-4800,250,TRUE,36879077-cf92-4b05-b351-5aa2b810ca02,0181774c-41c6-439d-8d53-75c3848e2a54,Aesthetic|Pet Friendly|Rugs|Child Friendly,5,1,649,5,TRUE,TRUE
b901785a-c244-4073-8c6d-2b00509004be,To Do List Cards,1299,1169.1,10,TRUE,d86cee20-6f62-4475-8047-7dce8ae6f8c4,eb232420-804d-4165-9cbe-8266ababcbee,Smash Your Goals,9,1,639,8,TRUE,TRUE
e1453663-0379-48ad-aeb7-d33078ab4526,Spider Man Mask,3999,3599.1,10,TRUE,d3a3ce86-b6cd-4cd6-ae26-7d2f443fc0fe,34c55cd6-f03f-4c89-9e8c-1cefa05e5650,3-D Printed,4,0,632,2,TRUE,TRUE
e204a1ca-6dac-4b02-9dc3-dbea696632f3,POCKET CLUSTER LAPTOP TOTE - Grey,5975,5078.75,15,TRUE,bbba5e22-61f6-4581-bf09-5c131c65600e,2744b95e-36ee-4abb-b896-225a7d22d728,Recycled Materials,7,1,630,1,TRUE,TRUE
3b4f0d17-cdbb-4f96-b801-5c6de4047344,Body Serum Candle Morganite,1049,944.1,10,TRUE,589ee95b-abd3-4ba5-8156-1a10ff246d76,3142d0c8-1de1-408f-9ed9-45087b116967,Body Scent Candles|Vegan,5,2,617,9,TRUE,TRUE
37b32073-5992-4feb-81a6-71dc77745ace,One Good Object - Stacko,5499,4674.15,15,TRUE,77fa74e6-575d-4cd8-b65f-22cf6b6e3c0d,0181774c-41c6-439d-8d53-75c3848e2a54,3-D Printed|100% biodegradable,6,1,617,3,TRUE,TRUE
e05eea3f-ec49-4097-a6d2-86e5d81416ac,SLAPJACK Nacho Cow Chicken Cheese Cake Card Game,399,319.2,20,TRUE,9dc85ca1-823d-41c7-bb2e-6b86f39c7327,a7d02d6f-c19e-4490-a4e9-702fcdfbe9cd,Fun games,6,0,591,7,TRUE,TRUE
79049e64-7909-4466-837c-a1f698a56158,Body Serum Candle Ruby,1549,1394.1,10,TRUE,589ee95b-abd3-4ba5-8156-1a10ff246d76,3142d0c8-1de1-408f-9ed9-45087b116967,Body Scent Candles|Vegan,5,1,582,13,TRUE,TRUE
9b1a069f-48af-4561-87bf-bc1ed2d3c298,Nora Vegan Leather Embroidered Sling Bag - Almond,9750,7800,20,TRUE,915a7c0b-6db5-415a-bf8a-c32f573e9be3,2744b95e-36ee-4abb-b896-225a7d22d728,Vegan Leather,7,0,578,2,TRUE,TRUE
9441ff98-4597-470c-b62a-302343e39c93,Lavender Hair Mask for Deep Nourishment & Hair Growth,650,552.5,15,TRUE,4f7393ca-28d8-4506-a1fb-8939ee949ed4,3142d0c8-1de1-408f-9ed9-45087b116967,Skincare|Hyderation|Ayurveda,3,1,567,1,TRUE,TRUE
04aec5a3-8be6-4389-b82a-eaefffb94325,Goodyear Welted Olive Suede Captoe Boot,13500,12825,5,TRUE,ace06170-4b61-43f9-a135-1a259f0d6cc7,20640a30-9228-4b69-91db-024c45920487,Leather|Handmade,5,1,557,3,TRUE,TRUE
3cbe19c5-a550-4bb0-90c6-c61a29c4e163,CARGO WANDERER BACKPACK - Pink Hue,3950,3357.5,15,TRUE,bbba5e22-61f6-4581-bf09-5c131c65600e,2744b95e-36ee-4abb-b896-225a7d22d728,Recycled Materials,7,0,556,2,TRUE,TRUE
56fd6f84-708e-484f-9bb1-0aa0bed0516e,Aquatein PRO Protein Water - 21g of Pure Protein,900,810,10,TRUE,fa8bad02-77b6-4928-8d51-16dfb90f6459,8045bd2c-d72c-42c8-9152-6cc6a8c62075,Hyderation|High Protein|Indian Supplement Brand,10,1,547,4,TRUE,TRUE
301e1638-e883-46d1-ac36-aa679d6d0583,Shinchan Sleepy Rugs,2940,-4410,250,TRUE,36879077-cf92-4b05-b351-5aa2b810ca02,0181774c-41c6-439d-8d53-75c3848e2a54,Aesthetic|Pet Friendly|Rugs|Child Friendly,4,0,545,2,TRUE,TRUE
0d036619-1989-4657-8507-a2541eefa37f,DIY Handmade Paper Kit,1499,1274.15,15,TRUE,00ecd5f3-55e3-4574-8175-3a4c18a1dc1a,34c55cd6-f03f-4c89-9e8c-1cefa05e5650,DIY Kit,5,1,534,6,TRUE,TRUE
bff5842a-0bcf-4695-8bbc-b2bd5fc8f7ec,PB& J Cookie ,250,225,10,TRUE,6d396f59-822c-4526-97c6-4ba9041cf065,36b291ec-3666-4da1-9f51-82fa2df373a5,Homegrown Brand|Yummy,3,1,508,6,TRUE,TRUE
1a089d22-5571-424c-9423-b588536d7fb3,Hivado Gift box,2500,2250,10,TRUE,488db869-2abe-4687-8ab2-6373b73a20c3,20640a30-9228-4b69-91db-024c45920487,High Performing Hair Care|Premium Ingredients |Skincare,3,2,508,2,TRUE,TRUE
0f0b62e1-cc76-47a0-a03d-b19b4c7181b4,"Zero Sugar Ginger Ale: Natural Ginger, Zero Guilt!",360,288,20,TRUE,4f8dcca2-e320-45ee-a4ad-547277fac783,36b291ec-3666-4da1-9f51-82fa2df373a5,Alcohol Free|Shark Tank India|No Sugar,5,1,486,0,TRUE,TRUE
91160bd4-d6c4-4864-8f0e-1207404b15fe,Ashwagandha Mint Herbal Tea - Focus,399,359.1,10,TRUE,281ffcd6-0abd-462a-9690-2ade9fd94021,36b291ec-3666-4da1-9f51-82fa2df373a5,Ayurveda|Vegan,5,0,479,3,TRUE,TRUE
e9350ebb-c3af-4d6d-82f6-beaea1b0a86f,The Brunch - CRED Only Fridays X Sober & Co,349,279.2,20,TRUE,4f8dcca2-e320-45ee-a4ad-547277fac783,36b291ec-3666-4da1-9f51-82fa2df373a5,Alcohol Free|Shark Tank India|No Sugar,4,1,471,0,TRUE,TRUE
6314a2c4-47d7-4ea1-b2e9-9415029510a8,EAR STUD - (MAGNETIC NON-PIERCED),499,449.1,10,TRUE,add0588c-9141-496a-90c0-b2e3053342b2,eb232420-804d-4165-9cbe-8266ababcbee,Jewellery|Aesthetic,10,1,465,1,TRUE,TRUE
b0998141-c85d-442c-8162-6adb9968decd,Italian Full Grain Black Leather Belt,3600,3420,5,TRUE,ace06170-4b61-43f9-a135-1a259f0d6cc7,20640a30-9228-4b69-91db-024c45920487,Leather,4,0,464,0,TRUE,TRUE
2395c851-fb6d-4ed8-89f1-66876b2ba3f6,CAN'T STOP WONT STOP SIGN,1499,1349.1,10,TRUE,bb1424d3-239e-4162-b888-09b20c641417,0181774c-41c6-439d-8d53-75c3848e2a54,Aesthetic|Homegrown Brand,5,1,464,2,TRUE,TRUE
0ff94fc0-e2df-4e2f-b052-4c8399e17f6a,Dotted Mirror,2899,2899,0,FALSE,f48d0a26-7c78-44e0-9dcf-5d945ca10f17,0181774c-41c6-439d-8d53-75c3848e2a54,Made in India|Hand Made,7,1,454,1,TRUE,TRUE
016316d6-fd68-4e0d-b13f-9df7bb994e28,Conscious Cards,1399,1259.1,10,TRUE,10ffd1a1-9e52-4090-8371-400b172395e8,a7d02d6f-c19e-4490-a4e9-702fcdfbe9cd,Mind Games,6,1,450,7,TRUE,TRUE
2be1e0c2-d5d6-4503-95dc-525c7c4a07f9,Cute PokÃ©mon Bird Rug,2850,-4275,250,TRUE,36879077-cf92-4b05-b351-5aa2b810ca02,0181774c-41c6-439d-8d53-75c3848e2a54,Aesthetic|Pet Friendly|Rugs,4,0,449,1,TRUE,TRUE
e94acd40-2b5b-4dd7-bb87-7dc312b94ac8,Elm Black Vegan Leather Backpack,20500,16400,20,TRUE,915a7c0b-6db5-415a-bf8a-c32f573e9be3,2744b95e-36ee-4abb-b896-225a7d22d728,Vegan Leather,6,1,447,5,TRUE,TRUE
6b6455d7-5bc1-4e19-88b8-7db10488d485,OUD PLAYER: EAU DE PARFUM,2499,1999.2,20,TRUE,f8ba2be8-e6ec-4144-9360-5ccc5c7f85d4,20640a30-9228-4b69-91db-024c45920487,Premium Ingredients |Women Owned,8,1,441,3,TRUE,TRUE
96c593ba-5c85-42d5-807f-ceab6ae3af6e,BMW M-Speed Rug,2370,-3555,250,TRUE,36879077-cf92-4b05-b351-5aa2b810ca02,0181774c-41c6-439d-8d53-75c3848e2a54,Aesthetic|Pet Friendly|Rugs,4,1,431,4,TRUE,TRUE
e38c7eb2-4d5f-490b-8906-3875cbb8d69f,GodComplex Multivitamins Supplement - 60 Servings,699,594.15,15,TRUE,850c85fb-8528-43f4-a069-e5018435d91d,8045bd2c-d72c-42c8-9152-6cc6a8c62075,Indian Supplement Brand|Muscle Building,9,0,429,1,TRUE,TRUE
d0f8adf8-c7b1-4136-88b5-d38fcbb62b86,XXXL Body & Face Wipes - 30 Wipes (10 x 3),399,299.25,25,TRUE,cf74e236-aa08-4c8f-beec-873932760bc4,ba4ed8a0-5dac-4390-bc61-9446e374ab3b,Smash Your Goals,5,1,419,3,TRUE,TRUE
5d6620bd-5e10-4594-b238-bfe05eda20e9,"Zero Sugar Ginger Ale: Natural Ginger, Zero Guilt!",349,279.2,20,TRUE,4f8dcca2-e320-45ee-a4ad-547277fac783,36b291ec-3666-4da1-9f51-82fa2df373a5,Alcohol Free|Shark Tank India|No Sugar,5,1,418,1,TRUE,TRUE
865da404-5e58-4f70-9634-de5d44b317e1,Fenna Sling Pack,1953,1660.05,15,TRUE,48ccd874-b1cd-4805-b0cc-d6fa863b1212,2744b95e-36ee-4abb-b896-225a7d22d728,Unisex,7,0,414,3,TRUE,TRUE
059839ff-b07a-49e3-ad50-6957959ac082,Diet Coke Can Hand Tuffed Rug,3950,-5925,250,TRUE,36879077-cf92-4b05-b351-5aa2b810ca02,0181774c-41c6-439d-8d53-75c3848e2a54,Aesthetic|Pet Friendly|Rugs|Child Friendly,4,0,410,1,TRUE,TRUE
1a60e9de-0a84-4bd6-b0da-760a873a2819,Spongebob Fire Rug,5799,5799,0,FALSE,e363102f-0ede-4118-bdee-cd8c761232c9,0181774c-41c6-439d-8d53-75c3848e2a54,Made in India|Rugs,3,1,409,0,TRUE,TRUE
1a60e9de-0a84-4bd6-b0da-760a873a2819,Spongebob Fire Rug,5799,5799,0,FALSE,e363102f-0ede-4118-bdee-cd8c761232c9,0181774c-41c6-439d-8d53-75c3848e2a54,Made in India|Rugs,3,1,409,0,TRUE,TRUE
ee394ac8-b41c-4bcc-8f68-81080e59ad02,Salacia - Black & Madder Red,6499,5199.2,20,TRUE,915a7c0b-6db5-415a-bf8a-c32f573e9be3,2744b95e-36ee-4abb-b896-225a7d22d728,Vegan Leather,5,1,387,2,TRUE,TRUE
f328b771-bc4d-46c4-8c3c-46d6e49e5a75,Noa Sleeve Bag,1750,1487.5,15,TRUE,48ccd874-b1cd-4805-b0cc-d6fa863b1212,2744b95e-36ee-4abb-b896-225a7d22d728,Made in India|Unisex|Hand Made,4,1,381,2,TRUE,TRUE
b1562bc5-5464-4aa2-a5a0-27460ea27fd9,PICKLEBALL RACKET SLING - Grey,2450,2082.5,15,TRUE,bbba5e22-61f6-4581-bf09-5c131c65600e,ba4ed8a0-5dac-4390-bc61-9446e374ab3b,Pickleball|Recycled Materials,4,0,380,1,TRUE,TRUE
b80dcf04-a5fb-4f26-95ba-3068fd8e10bf,HOBO40 Functional Travel Backpack (40L),3999,3999,0,FALSE,52b7dc62-fb6e-4ee6-aa42-9ad51caa319d,2744b95e-36ee-4abb-b896-225a7d22d728,Made in India|Warranty,10,1,353,1,TRUE,TRUE
363111a0-34c3-45f1-8d19-b9532bcde007,Table Lamp Niza (Made to Order),2699,2429.1,10,TRUE,d3a3ce86-b6cd-4cd6-ae26-7d2f443fc0fe,0181774c-41c6-439d-8d53-75c3848e2a54,3-D Printed,7,0,343,4,TRUE,TRUE
964d82c9-1b63-421c-929d-3d7570d96779,Hivado Thick and Full Shampoo,1220,1098,10,TRUE,488db869-2abe-4687-8ab2-6373b73a20c3,20640a30-9228-4b69-91db-024c45920487,High Performing Hair Care|Premium Ingredients ,4,1,337,2,TRUE,TRUE
5a6c5d23-a96d-4b49-9071-5a46ded24594,Supreme High Low Logo Rug,2400,-3600,250,TRUE,36879077-cf92-4b05-b351-5aa2b810ca02,0181774c-41c6-439d-8d53-75c3848e2a54,Aesthetic|Pet Friendly|Rugs|Child Friendly,6,0,337,1,TRUE,TRUE
bb96e726-d384-4ed6-96cf-78c366d68ffd,Naruto Uzumaki Hand Tufted Rug,7799,7799,0,FALSE,e363102f-0ede-4118-bdee-cd8c761232c9,0181774c-41c6-439d-8d53-75c3848e2a54,Made in India|Handmade|Rugs,4,0,336,7,TRUE,TRUE
91fa622a-75a9-4c31-b1db-4bc06ca5eefb,Michigan Black Calf Chisel Toe Wingtip Derby Shoe,16500,15675,5,TRUE,ace06170-4b61-43f9-a135-1a259f0d6cc7,20640a30-9228-4b69-91db-024c45920487,Leather|Handmade,6,1,335,0,TRUE,TRUE
2b0abb49-dc4b-4249-81f9-e4c783044534,The Minimalist Compression - BLOOD RED,1549,1394.1,10,TRUE,03619e15-8a24-42ba-ae0f-e3f2e9d0f5ad,ba4ed8a0-5dac-4390-bc61-9446e374ab3b,High Comfort|Bodyfit,10,1,334,5,TRUE,TRUE
fa177b2f-b638-47c3-8622-e5b3995a2d37,BALLARDE (Forest),1990,1691.5,15,TRUE,48ccd874-b1cd-4805-b0cc-d6fa863b1212,2744b95e-36ee-4abb-b896-225a7d22d728,Made in India|Unisex|Hand Made,9,1,324,0,TRUE,TRUE
fb66597a-b5d5-4769-92af-369e9063b80f,Choco Hazelnut (PACK OF 7),419,377.1,10,TRUE,18eeab5b-cff2-4cc7-8a1a-415ee54653a1,36b291ec-3666-4da1-9f51-82fa2df373a5,No Preservatives|Vegan|High Protein|No Sugar|Muscle Building,5,1,323,2,TRUE,TRUE
5d6b4b78-b049-4658-b4cf-cf36ad347fb1,Hell Forged Menâ€™s Compression Jacket,2149,1934.1,10,FALSE,03619e15-8a24-42ba-ae0f-e3f2e9d0f5ad,ba4ed8a0-5dac-4390-bc61-9446e374ab3b,High Comfort|Bodyfit,6,1,320,3,TRUE,TRUE
f25a3172-5969-4c46-9771-744667febcab,ACID WASHED SWEATPANTS,1250,1125,10,TRUE,77b25ed0-28d3-4a7f-ad25-14cdea73fe35,c89321cf-e6f1-4f98-a0d9-beb4e54ed535,Oversized fit|330 GSM,4,0,315,0,TRUE,TRUE
db0cd789-3a60-4b03-80df-d9d36464936f,Heart Necklace,669,602.1,10,TRUE,4518fdd0-f929-440e-9288-e19c5f51e191,eb232420-804d-4165-9cbe-8266ababcbee,Non-Basic Bling,10,1,311,1,TRUE,TRUE
70867df2-d77a-40a6-b62d-1d749d0985cc,ASTRA FIDGET RING,999,899.1,10,TRUE,add0588c-9141-496a-90c0-b2e3053342b2,eb232420-804d-4165-9cbe-8266ababcbee,Jewellery|Aesthetic,4,0,311,0,TRUE,TRUE
1dfabed0-3fc3-494a-99bd-b9db8d39f37c,Pink Promise Charm Necklace,1199,1079.1,10,TRUE,4518fdd0-f929-440e-9288-e19c5f51e191,eb232420-804d-4165-9cbe-8266ababcbee,Non-Basic Bling,4,0,310,1,TRUE,TRUE
0a72ba93-2a66-4c0b-a6b5-2b093c36bf32,Kridha Red Sandalwood Body Lotion â€“ Deep Hydration & Radiance for Glowing Skin,800,680,15,TRUE,4f7393ca-28d8-4506-a1fb-8939ee949ed4,3142d0c8-1de1-408f-9ed9-45087b116967,Skincare|Hyderation|Ayurveda,3,1,309,5,TRUE,TRUE
ab0f3af9-106c-4f01-bf72-0d3aa5fc918c,Asahi -The Sun,1499,1274.15,15,FALSE,597c3d41-2881-4d00-b8a2-53bf46a71bec,3142d0c8-1de1-408f-9ed9-45087b116967,Premium Ingredients |Unisex,6,0,306,1,TRUE,TRUE
5c76ed44-4f94-49e0-afd0-e031a19e9f78,DIY Wine Making Kit [Make upto 50 Ltrs of wine],2499,1999.2,20,TRUE,1cdaa326-02b3-4b53-a76b-38bf8f75ae68,36b291ec-3666-4da1-9f51-82fa2df373a5,Shark Tank India|DIY Kit,6,0,302,1,TRUE,TRUE
063a5461-f280-42a8-89b4-e90a10b1ccfa,BLOND MIRROR,2599,2469.05,5,TRUE,ede98d11-07c8-4a2c-a827-7e370f566e01,0181774c-41c6-439d-8d53-75c3848e2a54,Aesthetic,6,1,299,0,TRUE,TRUE
d2594806-09b1-42de-baed-837fcd8af3d6,Garuda Tech Tool Roll,2100,1995,5,TRUE,e3afc012-d098-4dc9-a98c-26d8b17225e1,eb232420-804d-4165-9cbe-8266ababcbee,Portable,5,0,299,0,TRUE,TRUE
98e03f25-eed0-4428-aa22-90177d89e5cd,Mario Block Rug,1950,-2925,250,TRUE,36879077-cf92-4b05-b351-5aa2b810ca02,a7d02d6f-c19e-4490-a4e9-702fcdfbe9cd,Aesthetic|Pet Friendly|Rugs|Child Friendly,5,0,299,2,TRUE,TRUE
51df7db0-fd7e-4708-b083-3265827c5f1a,India's Most Effective Portable Air Purifier (Sky Blue),3199,2559.2,20,TRUE,10a26ce8-92c3-4f6f-ae04-4c83a649e9cd,8045bd2c-d72c-42c8-9152-6cc6a8c62075,Made in India|Immunity Booster|Air Purifier,8,1,296,2,TRUE,TRUE
95fcfbea-f7b3-479c-a31e-ebfde9e556d1,Handmade Brown Suede Leather Belt,3300,3135,5,TRUE,ace06170-4b61-43f9-a135-1a259f0d6cc7,20640a30-9228-4b69-91db-024c45920487,Leather|Handmade,4,0,295,0,TRUE,TRUE
f630639c-0f83-498e-9635-ce6f9901a4ed,Hivado Light & Bright Sunscreen,700,630,10,TRUE,488db869-2abe-4687-8ab2-6373b73a20c3,3142d0c8-1de1-408f-9ed9-45087b116967,UV Protection|SPF 50,4,2,292,2,TRUE,TRUE
500df2f6-c8a1-4af7-abba-52f021155594,Travel Series - Coffee Concentrate,300,300,0,FALSE,c1b0a502-afa6-48e4-a064-3f13549e05eb,36b291ec-3666-4da1-9f51-82fa2df373a5,Portable|Homegrown Brand|Specialty Graded Coffee,7,1,279,3,TRUE,TRUE
a704283c-c246-47d4-84f2-8bd40db665cd,RUSTWOOD FLANNEL SHIRT,1799,1619.1,10,TRUE,77b25ed0-28d3-4a7f-ad25-14cdea73fe35,c89321cf-e6f1-4f98-a0d9-beb4e54ed535,Oversized fit,9,1,270,0,TRUE,TRUE
0dc9fc0c-d519-4c72-8bff-0776358badee,Kaze -The Wind,1599,1359.15,15,FALSE,597c3d41-2881-4d00-b8a2-53bf46a71bec,3142d0c8-1de1-408f-9ed9-45087b116967,Premium Ingredients |Unisex,6,0,270,5,TRUE,TRUE
5bb3d43f-9e46-4896-9fe9-89781aff2574,DIY Cotton Candy Kit,2499,2124.15,15,TRUE,00ecd5f3-55e3-4574-8175-3a4c18a1dc1a,36b291ec-3666-4da1-9f51-82fa2df373a5,DIY Kit,9,1,257,2,TRUE,TRUE
6708af04-aaae-4c59-8966-c8e1c67c239f,Brown Rush Starter Pack,849,849,0,FALSE,c1b0a502-afa6-48e4-a064-3f13549e05eb,36b291ec-3666-4da1-9f51-82fa2df373a5,Portable|Homegrown Brand|Specialty Graded Coffee,3,1,253,2,TRUE,TRUE
269a7ddd-b120-4e0d-b715-96ef9d5866a7,India's Most Effective Portable Air Purifier (Moonlight Black),3199,2559.2,20,TRUE,10a26ce8-92c3-4f6f-ae04-4c83a649e9cd,8045bd2c-d72c-42c8-9152-6cc6a8c62075,Made in India|Immunity Booster|Air Purifier,8,2,253,3,TRUE,TRUE
d3d091d1-45d3-4667-b1b0-977d6f3218c9,POCKET CLUSTER HOBO BAG - Brown,5850,4972.5,15,TRUE,bbba5e22-61f6-4581-bf09-5c131c65600e,2744b95e-36ee-4abb-b896-225a7d22d728,Recycled Materials,7,1,249,3,TRUE,TRUE
d8bd8a60-93b7-460a-9904-8e04f8e6a85c,Almond Kulfi (PACK OF 7),770,693,10,TRUE,18eeab5b-cff2-4cc7-8a1a-415ee54653a1,36b291ec-3666-4da1-9f51-82fa2df373a5,No Preservatives|Vegan|High Protein|No Sugar|Muscle Building,5,1,247,0,TRUE,TRUE
855b5201-2f4a-468c-a562-0d77b2152c29,WORDSMITH â€“ Fun Word Guessing Game,999,799.2,20,TRUE,9dc85ca1-823d-41c7-bb2e-6b86f39c7327,a7d02d6f-c19e-4490-a4e9-702fcdfbe9cd,Mind Games,6,1,236,0,TRUE,TRUE
5940b01e-1fbb-4d01-8730-d4cdee29b18d,Mocha Marvel (PACK OF 7),770,693,10,TRUE,18eeab5b-cff2-4cc7-8a1a-415ee54653a1,36b291ec-3666-4da1-9f51-82fa2df373a5,No Preservatives|Vegan|High Protein|No Sugar|Muscle Building,5,1,233,2,TRUE,TRUE
904697ce-1fe3-461a-8f5b-0525b58e7e6c,MoodPeg - All-in-One Magnetic Moodboard Kit,2850,2850,0,FALSE,f48d0a26-7c78-44e0-9dcf-5d945ca10f17,0181774c-41c6-439d-8d53-75c3848e2a54,Made in India|Hand Made,4,1,231,1,TRUE,TRUE
9a3ae93e-0887-433f-bb1a-b10e953a859b,CORDUROY CARGO PANTS,1099,989.1,10,TRUE,77b25ed0-28d3-4a7f-ad25-14cdea73fe35,c89321cf-e6f1-4f98-a0d9-beb4e54ed535,Oversized fit|330 GSM,4,0,230,0,TRUE,TRUE
c5bdb748-a4b0-4e2b-848b-a8f20112ef31,BITE ME HOODIE,899,809.1,10,TRUE,77b25ed0-28d3-4a7f-ad25-14cdea73fe35,c89321cf-e6f1-4f98-a0d9-beb4e54ed535,Made in India|Oversized fit,5,0,224,2,TRUE,TRUE
3a2ee6e1-4016-4841-821b-430233640256,FACET Laptop Stand - Graphite,2770,2354.5,15,TRUE,cfb92136-3d3e-49d1-9ebb-0e7d894133a6,ee349fe1-53ee-4418-8b2d-a0be23b8c24a,Durable|Portable,7,1,221,0,TRUE,TRUE
40010dd6-aaf4-44fc-8acc-bca2afedaf20,House Arabica Beans,550,550,0,FALSE,c1b0a502-afa6-48e4-a064-3f13549e05eb,36b291ec-3666-4da1-9f51-82fa2df373a5,Homegrown Brand|Specialty Graded Coffee,5,0,217,3,TRUE,TRUE
d94cee32-9a5e-49c2-8dc9-8d0e6d19d5b4,Sutli Candle Holder â€“ Emotive & Nostalgic,999,899.1,10,TRUE,bb1424d3-239e-4162-b888-09b20c641417,0181774c-41c6-439d-8d53-75c3848e2a54,Aesthetic|Homegrown Brand,5,1,217,1,TRUE,TRUE
61fe768d-b8d4-42b1-b742-e3980c6ebb5a,The Pro Overnighter Backpack (30L) with Raincover,3899,3899,0,FALSE,52b7dc62-fb6e-4ee6-aa42-9ad51caa319d,2744b95e-36ee-4abb-b896-225a7d22d728,Made in India|Warranty,9,1,209,2,TRUE,TRUE
05801a1a-d469-4b6b-9584-e83c3f5fa51b,MEMENTO MORI | LIFE CALENDER - ACRYLIC BOARD - GAME MODE,1997,1797.3,10,TRUE,d86cee20-6f62-4475-8047-7dce8ae6f8c4,eb232420-804d-4165-9cbe-8266ababcbee,Made in India,5,0,206,0,TRUE,TRUE
da31ce40-4af6-4bd6-b4c4-1d8bf2de61f1,Car Gear Hoodies (F1 Driver Edition),749,749,0,FALSE,9b650ae4-4f4d-4ebf-ab88-c8ac773c27b6,eb232420-804d-4165-9cbe-8266ababcbee,Formula 1,11,0,204,1,TRUE,TRUE
62a49037-3455-4f11-b0b0-ddf95bee0545,BALLARDE (Coral),1990,1691.5,15,TRUE,48ccd874-b1cd-4805-b0cc-d6fa863b1212,2744b95e-36ee-4abb-b896-225a7d22d728,Made in India|Unisex|Hand Made,9,1,203,0,TRUE,TRUE
70b95568-ad24-4c39-ae39-6b01d6780f64,GATOR ASHTRAY,1799,1619.1,10,TRUE,bb1424d3-239e-4162-b888-09b20c641417,0181774c-41c6-439d-8d53-75c3848e2a54,Aesthetic|Handmade,7,1,201,0,TRUE,TRUE
0a3300f3-1170-4102-83d4-73c235738bfd,GRAIN | Earth Grain,15000,15000,0,FALSE,9902a5bd-fcd4-4f40-9d81-7d464b5c6b47,20640a30-9228-4b69-91db-024c45920487,Luxury |Natural,3,0,199,0,TRUE,TRUE
9f16b66b-ac64-4c98-80bd-6a6137727648,Thermo Gel,399,299.25,25,TRUE,cf74e236-aa08-4c8f-beec-873932760bc4,ba4ed8a0-5dac-4390-bc61-9446e374ab3b,Smash Your Goals|Muscle Building,7,1,197,0,TRUE,TRUE
0beb0e26-25f6-4ca0-80c4-3d618bad2431,KeepAll Caddy,1650,1650,0,FALSE,f48d0a26-7c78-44e0-9dcf-5d945ca10f17,3142d0c8-1de1-408f-9ed9-45087b116967,Made in India|Hand Made,4,1,195,0,TRUE,TRUE
797a9e40-6903-4c67-b35a-54df5eea4760,LOGO MISMATCHED STRIPES SHIRT,1250,1125,10,TRUE,77b25ed0-28d3-4a7f-ad25-14cdea73fe35,c89321cf-e6f1-4f98-a0d9-beb4e54ed535,Oversized fit|Screen Printed,5,1,195,0,TRUE,TRUE
2c73ee35-f1c0-4ecf-9553-b7d24be73565,Strawberry Swirl (PACK OF 7),419,377.1,10,TRUE,18eeab5b-cff2-4cc7-8a1a-415ee54653a1,36b291ec-3666-4da1-9f51-82fa2df373a5,No Preservatives|Vegan|High Protein|No Sugar|Muscle Building,5,0,191,0,TRUE,TRUE
c4f1d569-a70b-4003-927e-f8820200dab3,The Rolli lamp,2899,2609.1,10,TRUE,d3a3ce86-b6cd-4cd6-ae26-7d2f443fc0fe,0181774c-41c6-439d-8d53-75c3848e2a54,3-D Printed,5,0,186,2,TRUE,TRUE
20c69d01-2af8-4861-83ac-ed983a747a84,2011 INDIA WORLD CUP TSHIRT - AIRFORCE BLUE,1500,1275,15,TRUE,aa1e7cf5-ed0b-447c-b135-52ad7d7e2365,c89321cf-e6f1-4f98-a0d9-beb4e54ed535,Made in India|240 GSM|Oversized fit,5,1,183,0,TRUE,TRUE
184d3e5f-1461-4706-aa20-f30f91a4709b,Ophelia Ring (Adjustable),949,854.1,10,TRUE,4518fdd0-f929-440e-9288-e19c5f51e191,eb232420-804d-4165-9cbe-8266ababcbee,Non-Basic Bling|Jewellery,3,0,183,2,TRUE,TRUE
205484f8-c9d7-418e-a629-2db651d3fd9e,HALO | Modern Classic,15000,15000,0,FALSE,9902a5bd-fcd4-4f40-9d81-7d464b5c6b47,20640a30-9228-4b69-91db-024c45920487,Luxury ,3,0,181,0,TRUE,TRUE
107cee61-6dad-48ab-988e-88b87a5833aa,SAND DENIM,2499,2249.1,10,TRUE,77b25ed0-28d3-4a7f-ad25-14cdea73fe35,c89321cf-e6f1-4f98-a0d9-beb4e54ed535,Oversized fit|Detachable Pockets,5,1,180,1,TRUE,TRUE
82d0f9f0-7f85-433e-bbc3-6261ce8a7cde,DIY Handmade Pasta Kit,3999,3399.15,15,TRUE,00ecd5f3-55e3-4574-8175-3a4c18a1dc1a,36b291ec-3666-4da1-9f51-82fa2df373a5,DIY Kit|Child Friendly,6,1,178,1,TRUE,TRUE
8ddf51e8-f9ea-4bfa-af8e-2ed1e692c82d,LUNAR | Sharp Balance,12500,12500,0,FALSE,9902a5bd-fcd4-4f40-9d81-7d464b5c6b47,20640a30-9228-4b69-91db-024c45920487,Luxury ,4,0,176,1,TRUE,TRUE
dfea0815-7da3-4242-bbf3-b1be4d660d04,RE-DENIM SHOULDER BAG - Ice Grey,2650,2252.5,15,TRUE,bbba5e22-61f6-4581-bf09-5c131c65600e,2744b95e-36ee-4abb-b896-225a7d22d728,Recycled Materials,7,1,174,1,TRUE,TRUE
6e278870-9f0f-47cd-b59b-a833933d7d36,Matcha x Protein â€“ Clean Energy Meets Complete Recovery,2849,2421.65,15,TRUE,850c85fb-8528-43f4-a069-e5018435d91d,8045bd2c-d72c-42c8-9152-6cc6a8c62075,Indian Supplement Brand|Muscle Building,6,1,172,1,TRUE,TRUE
23ba3de0-41ad-465b-a0fa-992e350e2bdf,TENNIS BRACELET,999,899.1,10,TRUE,add0588c-9141-496a-90c0-b2e3053342b2,eb232420-804d-4165-9cbe-8266ababcbee,Jewellery|Aesthetic,5,0,171,0,TRUE,TRUE
ebd4f792-07ae-4e73-b0c3-729ef5269372,Luffy Peeking Hand-Tufted Rug,5199,5199,0,FALSE,e363102f-0ede-4118-bdee-cd8c761232c9,0181774c-41c6-439d-8d53-75c3848e2a54,Made in India|Rugs,3,1,169,0,TRUE,TRUE
09bfe0fa-7dc2-4cc8-ac6d-a2ea638920cf,Baby Yoda Middle Finger Rug,7499,7499,0,FALSE,e363102f-0ede-4118-bdee-cd8c761232c9,0181774c-41c6-439d-8d53-75c3848e2a54,Made in India|Handmade|Rugs,5,0,167,0,TRUE,TRUE
ae32110c-8527-4b08-9f9c-88590541da31,MICRO BOX BRACELET  (SILVER),599,539.1,10,TRUE,add0588c-9141-496a-90c0-b2e3053342b2,eb232420-804d-4165-9cbe-8266ababcbee,Jewellery|Aesthetic,5,0,167,0,TRUE,TRUE
11a7f0f2-f37d-40d8-81e8-94ceeeab67f0,MOJO V2.0 Everyday Backpack (20L),2199,2199,0,FALSE,52b7dc62-fb6e-4ee6-aa42-9ad51caa319d,2744b95e-36ee-4abb-b896-225a7d22d728,Made in India|Warranty,9,3,165,1,TRUE,TRUE
df27d328-3f94-4c52-85f5-c605bb2e6bed,Choco-Nut Crunch (PACK OF 7),770,693,10,TRUE,18eeab5b-cff2-4cc7-8a1a-415ee54653a1,36b291ec-3666-4da1-9f51-82fa2df373a5,No Preservatives|Vegan|High Protein|No Sugar|Muscle Building,4,0,164,1,TRUE,TRUE
a666aabd-4d60-4241-b358-1790421549c9,PRIME Everyday Laptop Backpack,3299,3299,0,FALSE,52b7dc62-fb6e-4ee6-aa42-9ad51caa319d,2744b95e-36ee-4abb-b896-225a7d22d728,Warranty,5,0,163,0,TRUE,TRUE
ed2dab81-d3d2-44de-b2cb-e5cb453e6dba,FORGE | Golden Precision,20000,20000,0,FALSE,9902a5bd-fcd4-4f40-9d81-7d464b5c6b47,20640a30-9228-4b69-91db-024c45920487,Luxury ,6,0,162,2,TRUE,TRUE
99faab22-9b33-411d-a6f6-3194c5b9bbbd,CARGO WANDERER BACKPACK - Brown,3950,3357.5,15,TRUE,bbba5e22-61f6-4581-bf09-5c131c65600e,2744b95e-36ee-4abb-b896-225a7d22d728,Recycled Materials,7,1,161,3,TRUE,TRUE
3eb01dd2-e6bb-4c94-8fa9-7f4ba900e7a6,Tech Kit Organiser (Medium),899,899,0,FALSE,52b7dc62-fb6e-4ee6-aa42-9ad51caa319d,2744b95e-36ee-4abb-b896-225a7d22d728,Made in India|Warranty,5,0,161,0,TRUE,TRUE
2bd3f1d8-2434-49ea-8582-173b80106dba,Spring Side Table,4990,4990,0,FALSE,f48d0a26-7c78-44e0-9dcf-5d945ca10f17,0181774c-41c6-439d-8d53-75c3848e2a54,Made in India,4,1,158,0,TRUE,TRUE
6b8742f0-4c67-4773-b031-2e8d5627e064,Aranyani - Navy Blue & Black,7999,6399.2,20,TRUE,915a7c0b-6db5-415a-bf8a-c32f573e9be3,eb232420-804d-4165-9cbe-8266ababcbee,,5,1,157,0,TRUE,TRUE
54187fae-6a40-4457-8e5e-df82546702c9,Future Star Embroidery Text - Black Baseball Cap,779,662.15,15,TRUE,aa1e7cf5-ed0b-447c-b135-52ad7d7e2365,c89321cf-e6f1-4f98-a0d9-beb4e54ed535,Made in India,4,0,157,0,TRUE,TRUE
dc439f0d-864e-40a1-940f-e79a5e959802,INDUSTRIAL LAMP,7999,7199.1,10,TRUE,bb1424d3-239e-4162-b888-09b20c641417,0181774c-41c6-439d-8d53-75c3848e2a54,Aesthetic|Handmade,14,0,156,0,TRUE,TRUE
e73655e6-fde9-4824-9402-247ab7fcd239,FeralWalk Oversized Cargo Joggers - Purple,2349,2114.1,10,TRUE,03619e15-8a24-42ba-ae0f-e3f2e9d0f5ad,ba4ed8a0-5dac-4390-bc61-9446e374ab3b,High Comfort|Bodyfit|300 GSM,7,0,155,1,TRUE,TRUE
621eac26-a7ab-47f8-9d84-496bd34a8390,Loop Dual-Side Mouse Pad in Vegan Leather,1499,1274.15,15,TRUE,cfb92136-3d3e-49d1-9ebb-0e7d894133a6,ee349fe1-53ee-4418-8b2d-a0be23b8c24a,Durable|Portable,6,0,154,0,TRUE,TRUE
f958bf21-98ef-4793-8ab5-2812e7f7fd9c,Pikachu Keyboard Rug,1999,1999,0,FALSE,e363102f-0ede-4118-bdee-cd8c761232c9,0181774c-41c6-439d-8d53-75c3848e2a54,Made in India|Handmade|Rugs,4,1,154,0,TRUE,TRUE
15af533d-6680-4b64-8aec-357be4a91f95,Ripple Spectrum wave Rug by Just Rugs,17999,17999,0,FALSE,e363102f-0ede-4118-bdee-cd8c761232c9,0181774c-41c6-439d-8d53-75c3848e2a54,Made in India|Handmade|Rugs,3,0,154,1,TRUE,TRUE
dd1b1313-004f-4c9b-82c1-49007e8b777f,DUBAI BLING EARRINGS - 18K GOLD-PLATED,1399,1259.1,10,TRUE,62df3867-8210-436b-bdbb-fe7ad126f4fc,eb232420-804d-4165-9cbe-8266ababcbee,Jewellery|Aesthetic,3,1,154,1,TRUE,TRUE
1d0c4408-73dc-4a88-92fc-8a1b681e2a4d,Hellscar Oversized Tank - Blood Red,1649,1484.1,10,TRUE,03619e15-8a24-42ba-ae0f-e3f2e9d0f5ad,ba4ed8a0-5dac-4390-bc61-9446e374ab3b,High Comfort|Bodyfit,4,1,153,2,TRUE,TRUE
d4b861c7-a3d0-497d-9a73-7424ceca8f58,Suzette (Coral),699,594.15,15,TRUE,48ccd874-b1cd-4805-b0cc-d6fa863b1212,2744b95e-36ee-4abb-b896-225a7d22d728,Made in India|Unisex|Handmade,4,0,151,1,TRUE,TRUE
eab1dcf6-498b-419a-b52a-dc506688cc72,PERSONALISED ROUND BRACELET - 18K WHITE/GOLD-PLATED,1099,989.1,10,TRUE,62df3867-8210-436b-bdbb-fe7ad126f4fc,eb232420-804d-4165-9cbe-8266ababcbee,Jewellery|Aesthetic,5,0,151,1,TRUE,TRUE
dcf33e78-0954-4964-9559-83db9f995c83,SOLID RING - 18K GOLD-PLATED,999,899.1,10,TRUE,62df3867-8210-436b-bdbb-fe7ad126f4fc,eb232420-804d-4165-9cbe-8266ababcbee,Jewellery|Aesthetic,5,0,151,1,TRUE,TRUE
48cf78e5-ecf3-42f7-9285-6e5b1b1e9b69,Distressed Washed Grey Tank,3290,3290,0,FALSE,60219f13-e7c0-4933-bd9c-5c2650419402,20640a30-9228-4b69-91db-024c45920487,Vintage,8,0,145,0,TRUE,TRUE
57095022-52c5-494b-b3c8-436a79459c15,RUSTIC | Vintage Pulse,17500,17500,0,FALSE,9902a5bd-fcd4-4f40-9d81-7d464b5c6b47,20640a30-9228-4b69-91db-024c45920487,Luxury ,9,0,144,0,TRUE,TRUE
6cf1236a-c104-4769-9656-80b3bc70e772,Classic Hair Tie,1099,989.1,10,TRUE,4518fdd0-f929-440e-9288-e19c5f51e191,eb232420-804d-4165-9cbe-8266ababcbee,High Performing Hair Care|Non-Basic Bling,5,1,144,0,TRUE,TRUE
416d347f-34c7-43ac-8f69-b5971f4a34c3,SNAKE CHAIN (GOLD),799,719.1,10,TRUE,add0588c-9141-496a-90c0-b2e3053342b2,eb232420-804d-4165-9cbe-8266ababcbee,Jewellery|Aesthetic,5,0,144,0,TRUE,TRUE
1952e933-c9f7-4eae-b3ad-326070157632,"DIY Jain Sushi Kit â€“ Authentic Japanese Experience, 100% Vegetarian",1299.5,1039.6,20,TRUE,1cdaa326-02b3-4b53-a76b-38bf8f75ae68,36b291ec-3666-4da1-9f51-82fa2df373a5,Shark Tank India,3,1,142,0,TRUE,TRUE
b5697945-37ba-42a9-b181-db0b3d4c412c,CARBON | Forged Earth,15000,15000,0,FALSE,9902a5bd-fcd4-4f40-9d81-7d464b5c6b47,20640a30-9228-4b69-91db-024c45920487,Luxury ,3,3,141,0,TRUE,TRUE
6e6092c8-6aef-46f7-b537-4b49214e3e82,Golden Bloom Candle Holder Set - Handcrafted Diwali Elegance,1499,1499,0,FALSE,f48d0a26-7c78-44e0-9dcf-5d945ca10f17,0181774c-41c6-439d-8d53-75c3848e2a54,Made in India|Hand Made,4,0,137,1,TRUE,TRUE
0231c8c9-6def-49cb-ad3c-f432d209ce15,OVAL RING - 18K GOLD-PLATED,1499,1349.1,10,TRUE,62df3867-8210-436b-bdbb-fe7ad126f4fc,eb232420-804d-4165-9cbe-8266ababcbee,Jewellery|Aesthetic,5,0,137,0,TRUE,TRUE
7a386248-2887-48fd-b939-1dd3e4c38da5,Strobe Dual Handle Bag - Red,2650,2252.5,15,TRUE,bbba5e22-61f6-4581-bf09-5c131c65600e,2744b95e-36ee-4abb-b896-225a7d22d728,Homegrown Brand|Recycled Materials,9,0,137,0,TRUE,TRUE
3abc8520-9125-4989-94e6-48e11ab1dc41,KANTHA INDIGO HOODIE,3199,2879.1,10,TRUE,77b25ed0-28d3-4a7f-ad25-14cdea73fe35,c89321cf-e6f1-4f98-a0d9-beb4e54ed535,Made in India|Oversized fit,4,0,136,0,TRUE,TRUE
60c0b0ce-6049-49bc-a5b9-d1f43f25a80f,The Tokio table lamp,2478,2230.2,10,TRUE,d3a3ce86-b6cd-4cd6-ae26-7d2f443fc0fe,0181774c-41c6-439d-8d53-75c3848e2a54,3-D Printed,5,0,135,1,TRUE,TRUE
4fcdec7f-b95a-4cd8-8840-a1a8523b306f,PureFlow Diwali Sleep Bundle - Fall Asleep in 5 Minutes,1699,1529.1,10,TRUE,cfe4e982-c706-4a42-859e-fb895564e04d,8045bd2c-d72c-42c8-9152-6cc6a8c62075,,6,0,133,2,TRUE,TRUE
1a34806b-bc2a-4a62-b057-583ee1fc7df6,Solid Cotton Blend Oversized Coord Set - Lunar,3580,3043,15,TRUE,48ccd874-b1cd-4805-b0cc-d6fa863b1212,c89321cf-e6f1-4f98-a0d9-beb4e54ed535,Made in India|High Comfort|Oversized fit,4,0,131,0,TRUE,TRUE
09c44cde-6e4c-41a4-9d92-3fbac5db4e02,"DIY Jain Korean Tteokbokki Kit - Spicy, Authentic & 100% Vegetarian",1299.5,1039.6,20,TRUE,1cdaa326-02b3-4b53-a76b-38bf8f75ae68,36b291ec-3666-4da1-9f51-82fa2df373a5,Shark Tank India,4,0,131,1,TRUE,TRUE
f58719af-a139-4e3d-9d1d-5a6846dc45de,DIY Decoupage Shells Kit,1499,1274.15,15,TRUE,00ecd5f3-55e3-4574-8175-3a4c18a1dc1a,34c55cd6-f03f-4c89-9e8c-1cefa05e5650,DIY Kit,7,0,129,0,TRUE,TRUE
63fc9200-4566-48ed-b41b-c941af5d800b,Vortex Optical Illusion B&G Rug,9499,9499,0,FALSE,e363102f-0ede-4118-bdee-cd8c761232c9,0181774c-41c6-439d-8d53-75c3848e2a54,Made in India|Handmade|Rugs,4,1,128,1,TRUE,TRUE
a54661ac-1dca-4a97-9c26-7ad2fd7dc04d,ONYX STONE PENDANT WITH CHAIN (GOLD),1199,1079.1,10,TRUE,add0588c-9141-496a-90c0-b2e3053342b2,eb232420-804d-4165-9cbe-8266ababcbee,Jewellery|Aesthetic,5,0,128,0,TRUE,TRUE
caa29adf-3315-4919-aa00-102b8ca85ebd,Dark Veil Full Sleeve - Compression,1899,1709.1,10,TRUE,03619e15-8a24-42ba-ae0f-e3f2e9d0f5ad,ba4ed8a0-5dac-4390-bc61-9446e374ab3b,High Comfort|Bodyfit,8,0,126,2,TRUE,TRUE
3262c7d3-d6d7-48a5-906d-0cdd21897de6,Not Just a Rug. Itâ€™s a Hello Kitty Statement.,5499,5499,0,FALSE,e363102f-0ede-4118-bdee-cd8c761232c9,0181774c-41c6-439d-8d53-75c3848e2a54,Made in India|Rugs,5,0,124,0,TRUE,TRUE
81cccdb8-4109-4600-aa02-dce3960286fd,Droid sipper flask,1549,1471.55,5,TRUE,6a6004cd-08dc-468c-9a74-4ca0a177a8b9,c10c83eb-1d7e-4f3d-bbbd-92a3fbcc3b0a,Durable|Double wall glass,10,1,124,0,TRUE,TRUE
6ce5b869-4c45-4f8b-9736-cbc93a6a862a,Clothilde,2499,2249.1,10,TRUE,d3a3ce86-b6cd-4cd6-ae26-7d2f443fc0fe,0181774c-41c6-439d-8d53-75c3848e2a54,3-D Printed,4,0,124,1,TRUE,TRUE
42ef303c-8a38-46e5-a560-6a3960fd4a30,Quartz | Modern Classic,12500,12500,0,FALSE,9902a5bd-fcd4-4f40-9d81-7d464b5c6b47,20640a30-9228-4b69-91db-024c45920487,Luxury ,3,0,122,0,TRUE,TRUE
898c15b7-8b63-4544-9e5d-08efd338d707,MESH SHELF,2299,2069.1,10,TRUE,bb1424d3-239e-4162-b888-09b20c641417,0181774c-41c6-439d-8d53-75c3848e2a54,Aesthetic|Handmade,9,1,120,0,TRUE,TRUE
381ed05d-fcd3-48f4-b662-c7facd020533,EXTRUSION VASE - RED,2799,2519.1,10,TRUE,bb1424d3-239e-4162-b888-09b20c641417,0181774c-41c6-439d-8d53-75c3848e2a54,Aesthetic,6,0,119,0,TRUE,TRUE
6860fa22-c5d7-47a8-af51-98a11df10688,CUBAN CHAIN (GOLD),1099,989.1,10,TRUE,add0588c-9141-496a-90c0-b2e3053342b2,eb232420-804d-4165-9cbe-8266ababcbee,Jewellery|Aesthetic,4,0,118,1,TRUE,TRUE
d09587c3-b92c-4e92-8378-3353b3895e01,Solid Cotton Blend Oversized Shirt â€“ Frost,1790,1521.5,15,TRUE,48ccd874-b1cd-4805-b0cc-d6fa863b1212,c89321cf-e6f1-4f98-a0d9-beb4e54ed535,Made in India|High Comfort|Oversized fit,6,0,118,0,TRUE,TRUE
c874ba62-619f-476f-a537-225815ccfa4c,Roronoa Zoro One Piece Hand-Tufted Rug,1999,1999,0,FALSE,e363102f-0ede-4118-bdee-cd8c761232c9,0181774c-41c6-439d-8d53-75c3848e2a54,Made in India|Handmade|Rugs,4,1,117,1,TRUE,TRUE
bf6b8c40-c52a-4998-b4b2-c6652095d9f9,Brewski shaker/infuser,1199,1139.05,5,TRUE,6a6004cd-08dc-468c-9a74-4ca0a177a8b9,c10c83eb-1d7e-4f3d-bbbd-92a3fbcc3b0a,Durable|Double wall glass,10,2,117,0,TRUE,TRUE
b38f18a3-7000-4826-91e4-19ad68d29237,TIDE | Ocean Grain,12500,12500,0,FALSE,9902a5bd-fcd4-4f40-9d81-7d464b5c6b47,20640a30-9228-4b69-91db-024c45920487,Luxury ,3,0,115,0,TRUE,TRUE
6dbb8d4b-f022-4f89-8cda-3be754987d44,FeralWalk Oversized Cargo Joggers - Blood Red,2349,2114.1,10,TRUE,03619e15-8a24-42ba-ae0f-e3f2e9d0f5ad,ba4ed8a0-5dac-4390-bc61-9446e374ab3b,High Comfort|Bodyfit|300 GSM,7,0,114,0,TRUE,TRUE
24a5842e-0cd1-41e5-b1c2-c3831e69c284,PERSONALISED PUZZLE NECKLACE SET OF 2 - 18K GOLD/WHITE GOLD PLATED,1699,1529.1,10,TRUE,62df3867-8210-436b-bdbb-fe7ad126f4fc,eb232420-804d-4165-9cbe-8266ababcbee,Jewellery|Aesthetic,7,0,114,0,TRUE,TRUE
9c8a80fb-a7de-4f69-aaa5-93cf1ece9396,The Pango V2.0 Camera Travel Backpack,5999,5999,0,FALSE,52b7dc62-fb6e-4ee6-aa42-9ad51caa319d,2744b95e-36ee-4abb-b896-225a7d22d728,Made in India|Warranty,7,1,114,0,TRUE,TRUE
94c3facd-d50a-45c8-bc67-7b121fd6c329,AMERICAN EXPRESS CARDS,3399,3399,0,FALSE,60219f13-e7c0-4933-bd9c-5c2650419402,0181774c-41c6-439d-8d53-75c3848e2a54,Luxury ,4,0,114,1,TRUE,TRUE
b914a577-cec7-48b4-854f-a30d627237f5,Pure Driving Bliss Combo,1399,1399,0,FALSE,60219f13-e7c0-4933-bd9c-5c2650419402,ebbf094b-56b8-423e-a24d-c2374e8e62f9,,8,0,113,0,TRUE,TRUE
292e7983-716c-49b3-aca1-1e5d0cda5032,Blocks desk & table organiser,1499,1424.05,5,TRUE,6a6004cd-08dc-468c-9a74-4ca0a177a8b9,c10c83eb-1d7e-4f3d-bbbd-92a3fbcc3b0a,Durable|Blocks,9,0,112,0,TRUE,TRUE
5b60cf11-47a5-4652-8da3-6d40034f6de6,Balengiaga x Crocs hardcrocs,1699,1699,0,FALSE,60219f13-e7c0-4933-bd9c-5c2650419402,aa10186a-f3a1-48e7-bff0-93d314f200a3,,8,0,111,1,TRUE,TRUE
3983b860-237e-41c4-b100-296080a1df6f,Travis X Fragment Rug,9499,9499,0,FALSE,e363102f-0ede-4118-bdee-cd8c761232c9,0181774c-41c6-439d-8d53-75c3848e2a54,Made in India|Handmade|Rugs,4,0,111,0,TRUE,TRUE
26187ad1-136c-4fee-a3a3-40dcf358c3d7,FACET Mobile and Tablet Stand - Graphite,1330,1130.5,15,TRUE,cfb92136-3d3e-49d1-9ebb-0e7d894133a6,ee349fe1-53ee-4418-8b2d-a0be23b8c24a,Durable|Portable,7,1,110,0,TRUE,TRUE
16f4e946-e721-494a-b723-e54fc9f804cd,SHADOW | Bold Precision,12500,12500,0,FALSE,9902a5bd-fcd4-4f40-9d81-7d464b5c6b47,20640a30-9228-4b69-91db-024c45920487,Luxury ,3,0,110,0,TRUE,TRUE
b0630105-91e3-4965-b6d5-b4ef9740bb9e,The Minimalist Compression - Purple,1549,1394.1,10,TRUE,03619e15-8a24-42ba-ae0f-e3f2e9d0f5ad,ba4ed8a0-5dac-4390-bc61-9446e374ab3b,High Comfort|Bodyfit,9,1,109,1,TRUE,TRUE
79017b07-2330-4629-8b27-3bd9eb54a695,STARRY NIGHT BRACELET - 18K GOLD-PLATED,1699,1529.1,10,TRUE,62df3867-8210-436b-bdbb-fe7ad126f4fc,eb232420-804d-4165-9cbe-8266ababcbee,Jewellery|Aesthetic,6,1,105,1,TRUE,TRUE
1ce9429a-b3a1-4b71-8cf6-6de58255f8dd,CORDUROY SHACKET,1099,989.1,10,TRUE,77b25ed0-28d3-4a7f-ad25-14cdea73fe35,c89321cf-e6f1-4f98-a0d9-beb4e54ed535,Oversized fit|330 GSM,5,0,105,0,TRUE,TRUE
244dad6a-205d-445f-a1a2-ebff0c601c22,Dark Choco Pretzels (30G PACK),120,108,10,TRUE,8d0662c7-f3bc-4ae6-8545-11ef0a7c7e9a,36b291ec-3666-4da1-9f51-82fa2df373a5,Yummy|Baked|Low Calorie,8,0,104,1,TRUE,TRUE
53a63431-86c3-47a7-9d90-c631e1960d0e,Embroidery Logo Navy Blue Baseball Cap,839,713.15,15,TRUE,aa1e7cf5-ed0b-447c-b135-52ad7d7e2365,c89321cf-e6f1-4f98-a0d9-beb4e54ed535,Made in India,4,0,104,1,TRUE,TRUE
8f3b2032-28ad-46ba-a2de-54db918c02e9,FLARE | Bold Spark,12500,12500,0,FALSE,9902a5bd-fcd4-4f40-9d81-7d464b5c6b47,20640a30-9228-4b69-91db-024c45920487,Luxury ,3,0,103,0,TRUE,TRUE
7c1ac441-61fa-4076-bc1b-331b95971f78,Nazar Cuff (Gold),1099,989.1,10,TRUE,4518fdd0-f929-440e-9288-e19c5f51e191,eb232420-804d-4165-9cbe-8266ababcbee,Non-Basic Bling|Jewellery,3,0,103,0,TRUE,TRUE
193af4d1-0ba0-44f3-8f36-f83891b86705,Loop Dual-Side Mouse Pad in Vegan Leather,749,636.65,15,TRUE,cfb92136-3d3e-49d1-9ebb-0e7d894133a6,ee349fe1-53ee-4418-8b2d-a0be23b8c24a,Durable|Portable,10,0,103,0,TRUE,TRUE
8d5de6be-335e-42a7-98b2-50a33e846dc1,FROSTED PRESSING HOOP/CUFF (GOLD NON-PIERCED),399,359.1,10,TRUE,add0588c-9141-496a-90c0-b2e3053342b2,eb232420-804d-4165-9cbe-8266ababcbee,Jewellery|Aesthetic,4,0,101,0,TRUE,TRUE
a5c70a65-aef5-49af-b70b-3da34bd1b75c,Pillar portable glass bottle,1449,1376.55,5,TRUE,6a6004cd-08dc-468c-9a74-4ca0a177a8b9,c10c83eb-1d7e-4f3d-bbbd-92a3fbcc3b0a,Durable|Double wall glass,10,1,100,3,TRUE,TRUE
339bc74c-0396-42f1-8969-2472c7fce88a,SUZETTE Travel Pouch (Cacao),699,594.15,15,TRUE,48ccd874-b1cd-4805-b0cc-d6fa863b1212,2744b95e-36ee-4abb-b896-225a7d22d728,Made in India|Unisex|Hand Made,9,0,100,0,TRUE,TRUE
dc7bec2e-53db-4380-878e-e5f0a31f6eaf,Nox Table lamp,2297,2067.3,10,TRUE,d3a3ce86-b6cd-4cd6-ae26-7d2f443fc0fe,0181774c-41c6-439d-8d53-75c3848e2a54,3-D Printed,4,0,99,1,TRUE,TRUE
b777a8e2-6a49-46fd-8338-5237c32ce06f,OCEANIC | Raw Precision,20000,20000,0,FALSE,9902a5bd-fcd4-4f40-9d81-7d464b5c6b47,20640a30-9228-4b69-91db-024c45920487,Luxury ,8,0,98,0,TRUE,TRUE
70c19da2-aa12-4978-a6b7-d84975c30dbb,MICRO ROUND BRACELET  (SILVER),599,539.1,10,TRUE,add0588c-9141-496a-90c0-b2e3053342b2,eb232420-804d-4165-9cbe-8266ababcbee,Jewellery|Aesthetic,4,0,96,0,TRUE,TRUE
88bc4c6d-9380-492a-b8f8-59f09f7c75dd,SUZETTE Travel Pouch (Forest),699,594.15,15,TRUE,48ccd874-b1cd-4805-b0cc-d6fa863b1212,2744b95e-36ee-4abb-b896-225a7d22d728,Made in India|Unisex|Hand Made,5,0,96,0,TRUE,TRUE
b8200ba7-c3a7-4ae7-a025-dd6740d1dd01,VECTOR | Mechanical Spirit,25000,25000,0,FALSE,9902a5bd-fcd4-4f40-9d81-7d464b5c6b47,20640a30-9228-4b69-91db-024c45920487,Luxury ,4,0,95,1,TRUE,TRUE
96bc9376-8d3e-441d-ac99-8de878412202,Strobe Dual Handle Bag - Denim,2650,2252.5,15,TRUE,bbba5e22-61f6-4581-bf09-5c131c65600e,2744b95e-36ee-4abb-b896-225a7d22d728,Homegrown Brand|Recycled Materials,9,0,94,0,TRUE,TRUE
c7a289d6-da69-46c6-9fab-ac8018da36fd,Gibbosa Fungus Shelf,1350,1215,10,TRUE,d3a3ce86-b6cd-4cd6-ae26-7d2f443fc0fe,0181774c-41c6-439d-8d53-75c3848e2a54,Durable|Lightweight,4,0,94,1,TRUE,TRUE
acafaebd-3da4-47fb-bdd1-62843c68f111,SHAW Tote Bag (Cacao),2093,1779.05,15,TRUE,48ccd874-b1cd-4805-b0cc-d6fa863b1212,2744b95e-36ee-4abb-b896-225a7d22d728,Made in India|Unisex|Hand Made,9,0,93,0,TRUE,TRUE
a7cc2122-ea5c-40a5-a1fb-c44ddd587162,UpUrFit x Jonty Rhodes Cricket Recovery Kit,999,749.25,25,TRUE,cf74e236-aa08-4c8f-beec-873932760bc4,ba4ed8a0-5dac-4390-bc61-9446e374ab3b,Smash Your Goals,10,0,90,1,TRUE,TRUE
85dd34ae-bfb5-41bc-b02d-bfd1c1d8841b,MICRO LINK BRACELET (SILVER),599,539.1,10,TRUE,add0588c-9141-496a-90c0-b2e3053342b2,eb232420-804d-4165-9cbe-8266ababcbee,Jewellery|Aesthetic,2,0,90,0,TRUE,TRUE
6a9ad061-4bd3-4f8a-b63d-0d04428ed375,THIN CUBAN CHAIN (SILVER),799,719.1,10,TRUE,add0588c-9141-496a-90c0-b2e3053342b2,eb232420-804d-4165-9cbe-8266ababcbee,Jewellery|Aesthetic,5,0,85,0,TRUE,TRUE
4da74326-dc2f-4d17-baa4-2432309076f5,DUAL | Modern Classic,15000,15000,0,FALSE,9902a5bd-fcd4-4f40-9d81-7d464b5c6b47,20640a30-9228-4b69-91db-024c45920487,Luxury ,4,0,84,0,TRUE,TRUE
2eda16b6-db36-464e-a55b-8349cef4c580,Hot & Melt Candle Set,999,999,0,TRUE,f48d0a26-7c78-44e0-9dcf-5d945ca10f17,0181774c-41c6-439d-8d53-75c3848e2a54,Made in India|Hand Made,5,0,83,1,TRUE,TRUE
c9e8721d-a43a-4512-8326-c3e676cdcb12,GLACIER | Marble Clarity,15000,15000,0,FALSE,9902a5bd-fcd4-4f40-9d81-7d464b5c6b47,20640a30-9228-4b69-91db-024c45920487,Luxury ,3,0,81,0,TRUE,TRUE
4c43ff55-6a9c-44d4-8c3f-6cc72d11608a,MICRO ROUND BRACELET  (GOLD),599,539.1,10,TRUE,add0588c-9141-496a-90c0-b2e3053342b2,eb232420-804d-4165-9cbe-8266ababcbee,Jewellery|Aesthetic,4,0,80,0,TRUE,TRUE
57ae59d5-6d93-4d4a-b2d6-8f4b24d24b93,ONYX STONE PENDANT WITH CHAIN (SILVER),1199,1079.1,10,TRUE,add0588c-9141-496a-90c0-b2e3053342b2,eb232420-804d-4165-9cbe-8266ababcbee,Jewellery|Aesthetic,5,0,78,0,TRUE,TRUE
1e3a2c41-5762-435d-bcdb-58457e741953,Eliso LED Katana | Tanjiro Kamado â€“ Demon Slayer,2799,2799,0,FALSE,60219f13-e7c0-4933-bd9c-5c2650419402,eb232420-804d-4165-9cbe-8266ababcbee,,3,0,76,0,TRUE,TRUE
147e5728-cfd7-4340-8668-6f2cf1514cd7,SHAW Tote Bag (Forest),2093,1779.05,15,TRUE,48ccd874-b1cd-4805-b0cc-d6fa863b1212,2744b95e-36ee-4abb-b896-225a7d22d728,Made in India|Unisex|Hand Made,10,0,75,0,TRUE,TRUE
e0599803-ee1e-498b-883f-e6b019b37dde,SOLACE | Lunar Rhythm,20000,20000,0,FALSE,9902a5bd-fcd4-4f40-9d81-7d464b5c6b47,20640a30-9228-4b69-91db-024c45920487,Luxury ,3,0,74,0,TRUE,TRUE
0a396a41-e76a-43ed-a4b9-b0ae5451b32a,NOVA | Timeless Clarity,20000,20000,0,FALSE,9902a5bd-fcd4-4f40-9d81-7d464b5c6b47,20640a30-9228-4b69-91db-024c45920487,Luxury ,8,0,73,0,TRUE,TRUE
ac7ffb6c-1f0f-4f2a-9aac-9dae3454f6e2,ROPE BRACELET (GOLD),599,539.1,10,TRUE,add0588c-9141-496a-90c0-b2e3053342b2,eb232420-804d-4165-9cbe-8266ababcbee,Jewellery|Aesthetic,4,0,73,2,TRUE,TRUE
1bc4ae3c-407a-41e0-a940-29369010377b,Botany,1199,1199,0,FALSE,60219f13-e7c0-4933-bd9c-5c2650419402,eb232420-804d-4165-9cbe-8266ababcbee,,10,0,72,0,TRUE,TRUE
e7181cfb-d734-4273-9525-2ca4782941b4,DRIFT | Casual Precision,15000,15000,0,FALSE,9902a5bd-fcd4-4f40-9d81-7d464b5c6b47,20640a30-9228-4b69-91db-024c45920487,Luxury ,3,0,71,0,TRUE,TRUE
1f51d144-426e-43b0-bf71-6376a688a329,Astoria,2499,2499,0,FALSE,60219f13-e7c0-4933-bd9c-5c2650419402,eb232420-804d-4165-9cbe-8266ababcbee,,8,0,70,0,TRUE,TRUE
3df3b54f-9b37-4518-a43c-60e95c6a35a8,MICRO PULSE BRACELET (GOLD),599,539.1,10,TRUE,add0588c-9141-496a-90c0-b2e3053342b2,eb232420-804d-4165-9cbe-8266ababcbee,Jewellery|Aesthetic,2,0,70,0,TRUE,TRUE
3c93df1f-3523-4ee5-a3ef-f4a630bddd12,SHAW Tote Bag,2093,1779.05,15,TRUE,48ccd874-b1cd-4805-b0cc-d6fa863b1212,2744b95e-36ee-4abb-b896-225a7d22d728,Made in India|Unisex|Hand Made,9,0,69,0,TRUE,TRUE
f5f82135-4928-4a7c-a54b-9cc866fa13df,SQUAT PRO S1 â€“ Flat Sole Powerlifting Squat Shoes for Deep Stability (Dusk Pink),8900,8900,0,FALSE,60219f13-e7c0-4933-bd9c-5c2650419402,ba4ed8a0-5dac-4390-bc61-9446e374ab3b,,3,0,67,0,TRUE,TRUE
e9b68604-079b-424d-b07f-1bfded6e137c,Recovery Duo - Cryo Gel + Epsom Salts Body Wash,699,524.25,25,TRUE,cf74e236-aa08-4c8f-beec-873932760bc4,ba4ed8a0-5dac-4390-bc61-9446e374ab3b,Smash Your Goals,5,1,66,2,TRUE,TRUE
682ad3e9-fd7e-410d-ac64-3e8a905e8403,Deep Sleep Mask by PureFlow,799,719.1,10,TRUE,cfe4e982-c706-4a42-859e-fb895564e04d,8045bd2c-d72c-42c8-9152-6cc6a8c62075,,5,0,66,0,TRUE,TRUE
b949b26a-6f32-4113-ba9b-32544ead47b2,M4 Shell Ejecting Dart Gun,6000,6000,0,FALSE,60219f13-e7c0-4933-bd9c-5c2650419402,20640a30-9228-4b69-91db-024c45920487,Durable,4,0,66,0,TRUE,TRUE
00a6ed5d-98e7-472e-a8c4-21583c10aaf5,Nora Vegan Leather Embroidered Sling Bag - Black,9750,7800,20,TRUE,915a7c0b-6db5-415a-bf8a-c32f573e9be3,eb232420-804d-4165-9cbe-8266ababcbee,,8,0,65,1,TRUE,TRUE
b7e2a305-0b04-443d-b2ef-0514fe851be1,Lion's Mane Shroom Coffee,449,449,0,FALSE,60219f13-e7c0-4933-bd9c-5c2650419402,36b291ec-3666-4da1-9f51-82fa2df373a5,,10,0,65,0,TRUE,TRUE
832d9616-1487-4929-89c8-253dd4b9b5ee,Soulshoe is White,3398,3398,0,FALSE,60219f13-e7c0-4933-bd9c-5c2650419402,ba4ed8a0-5dac-4390-bc61-9446e374ab3b,,3,1,64,0,TRUE,TRUE
9b1e3b5b-c9e6-4a71-9ddf-c9dc85d7df84,JellyGlow Lamp,1899,1899,0,FALSE,60219f13-e7c0-4933-bd9c-5c2650419402,0181774c-41c6-439d-8d53-75c3848e2a54,,3,2,63,0,TRUE,TRUE
5f9b5755-4eb4-4ef8-91dd-157209db81e3,CTRL+P LOGO HOODIE,899,809.1,10,TRUE,77b25ed0-28d3-4a7f-ad25-14cdea73fe35,c89321cf-e6f1-4f98-a0d9-beb4e54ed535,Made in India|Oversized fit,4,0,62,0,TRUE,TRUE
fab2c676-57c7-49fb-a6e2-38ecd86b1589,PEARL HALF & HALF BRACELET (SILVER),799,719.1,10,TRUE,add0588c-9141-496a-90c0-b2e3053342b2,eb232420-804d-4165-9cbe-8266ababcbee,Jewellery|Aesthetic,3,0,62,0,TRUE,TRUE
500af3fd-5ae8-4e09-adbd-e12f34e9c5f8,STORM | Grey Force,15000,15000,0,FALSE,9902a5bd-fcd4-4f40-9d81-7d464b5c6b47,20640a30-9228-4b69-91db-024c45920487,Luxury ,3,0,61,0,TRUE,TRUE
a4d304c9-4d58-4cf6-a56d-5a770841c627,Red Wine - Barrel Aged Coffee,3500,3500,0,FALSE,60219f13-e7c0-4933-bd9c-5c2650419402,36b291ec-3666-4da1-9f51-82fa2df373a5,,3,0,60,0,TRUE,TRUE
85ecc861-9152-4606-94e2-2af06b741f26,CUBAN CHAIN (SILVER),1099,989.1,10,TRUE,add0588c-9141-496a-90c0-b2e3053342b2,eb232420-804d-4165-9cbe-8266ababcbee,Jewellery|Aesthetic,4,0,59,0,TRUE,TRUE
754324ed-9b08-4089-9cbe-1a4beaa04dfd,"Whey91 Cookies & Cream Protein Bar, 20g Protein & 5g Fibre (Pack of 6 bars)",599,599,0,FALSE,60219f13-e7c0-4933-bd9c-5c2650419402,36b291ec-3666-4da1-9f51-82fa2df373a5,Vintage,10,0,59,0,TRUE,TRUE
750286eb-308f-48e3-b2b2-f7a7026e50e2,Crystal Slider Watch,4750,4750,0,FALSE,60219f13-e7c0-4933-bd9c-5c2650419402,eb232420-804d-4165-9cbe-8266ababcbee,,10,0,58,0,TRUE,TRUE
a837014c-3fe3-47b5-93ec-8f71d0e6ea4c,CUSTOM NATIONAL HIGHWAY SIGN - AESTHETIC ROAD SIGNS,2699,2564.05,5,TRUE,ede98d11-07c8-4a2c-a827-7e370f566e01,0181774c-41c6-439d-8d53-75c3848e2a54,Aesthetic,6,0,58,0,TRUE,TRUE
575b7795-d1a1-4416-a8dc-459f6bd1219a,TOTE-ALLY BAG,799,719.1,10,TRUE,bb1424d3-239e-4162-b888-09b20c641417,2744b95e-36ee-4abb-b896-225a7d22d728,Aesthetic|Handmade,5,0,58,0,TRUE,TRUE
52ad03c0-4c24-4747-b2ac-c166d4bc8f70,ROCKSTA Y2K JERSEY,899,899,0,FALSE,60219f13-e7c0-4933-bd9c-5c2650419402,c89321cf-e6f1-4f98-a0d9-beb4e54ed535,,6,0,58,0,TRUE,TRUE
a068c8e5-d09c-4e23-a05e-49db3073e64b,Daily Fiber | Vanilla Berry Flavour,854,854,0,FALSE,60219f13-e7c0-4933-bd9c-5c2650419402,eb232420-804d-4165-9cbe-8266ababcbee,,7,0,54,0,TRUE,TRUE
5b7a1f23-ae30-48bd-90c2-426761e22aed,Aurora Vegan Leather Sling,7800,6240,20,TRUE,915a7c0b-6db5-415a-bf8a-c32f573e9be3,eb232420-804d-4165-9cbe-8266ababcbee,,6,0,53,0,TRUE,TRUE
0eae5e9e-d804-4bf9-aee4-e3d70d83bc93,Ajax Vegan Leather Duffle Bag - Beige,15800,12640,20,TRUE,915a7c0b-6db5-415a-bf8a-c32f573e9be3,eb232420-804d-4165-9cbe-8266ababcbee,,7,0,52,0,TRUE,TRUE
c198b188-a9b0-452e-9887-7a643ba49915,RICH MAN CROP TEE,800,720,10,TRUE,77b25ed0-28d3-4a7f-ad25-14cdea73fe35,c89321cf-e6f1-4f98-a0d9-beb4e54ed535,Crop Top,9,1,52,3,TRUE,TRUE
b140955e-c3a2-479c-999d-caf54f986eb3,Chocolate 25g Plant Protein - Pack of 1kg - Sport,3289,3289,0,FALSE,60219f13-e7c0-4933-bd9c-5c2650419402,36b291ec-3666-4da1-9f51-82fa2df373a5,,3,0,52,0,TRUE,TRUE
749db0dd-3127-445b-a97d-debf669ab826,Wave Bookshelf,3690,3690,0,FALSE,60219f13-e7c0-4933-bd9c-5c2650419402,0181774c-41c6-439d-8d53-75c3848e2a54,,5,0,51,0,TRUE,TRUE
a3d14b44-982f-4569-a618-6d6c9266214c,MICRO BOX CHAIN (SILVER),599,539.1,10,TRUE,add0588c-9141-496a-90c0-b2e3053342b2,eb232420-804d-4165-9cbe-8266ababcbee,Jewellery|Aesthetic,4,0,51,0,TRUE,TRUE
ff2a4fb0-febb-4ac6-acf7-4d5289e92f3b,f*#k the system! - white,2999,2999,0,FALSE,60219f13-e7c0-4933-bd9c-5c2650419402,c89321cf-e6f1-4f98-a0d9-beb4e54ed535,,7,0,50,0,TRUE,TRUE
2ab55c7d-e4c6-42ae-8e47-19c4a9ec7acf,QAVA Energy Shot (Pack of 4),596,596,0,FALSE,60219f13-e7c0-4933-bd9c-5c2650419402,36b291ec-3666-4da1-9f51-82fa2df373a5,,3,0,49,0,TRUE,TRUE
ddcc575b-1c00-40eb-a5d6-57a6c5dae99b,NeuroGum Energy Caffeine Gums - Cinnamon (30 Pieces: 15 X 2 gum sachets),660,660,0,FALSE,60219f13-e7c0-4933-bd9c-5c2650419402,eb232420-804d-4165-9cbe-8266ababcbee,,20,0,49,0,TRUE,TRUE
c47399bf-5d4a-45f4-b24d-f265b714b661,Retro GameBox 500 Games in 1,1399,1399,0,FALSE,60219f13-e7c0-4933-bd9c-5c2650419402,a7d02d6f-c19e-4490-a4e9-702fcdfbe9cd,,8,1,49,0,TRUE,TRUE
72f4f144-182b-466d-a37d-7e0e8deecad0,Easy Poncho Crochet Pattern,793.51,793.51,0,FALSE,60219f13-e7c0-4933-bd9c-5c2650419402,aa10186a-f3a1-48e7-bff0-93d314f200a3,,5,0,48,0,TRUE,TRUE
f633dade-e3f5-4137-b36a-ac0af594ce04,Aurora Prism,3700,3700,0,FALSE,60219f13-e7c0-4933-bd9c-5c2650419402,0181774c-41c6-439d-8d53-75c3848e2a54,,6,0,47,0,TRUE,TRUE
88303434-81c6-4b2a-bfb5-53fe9d05fc5f,NightShot- Spotify LED Lamp,1149,1149,0,FALSE,60219f13-e7c0-4933-bd9c-5c2650419402,eb232420-804d-4165-9cbe-8266ababcbee,,4,0,47,0,TRUE,TRUE
1313bbbb-a421-4652-b7a0-79c75886978d,Car Comfort Bundle | 8 Items,1899,1899,0,FALSE,60219f13-e7c0-4933-bd9c-5c2650419402,ebbf094b-56b8-423e-a24d-c2374e8e62f9,,2,0,47,0,TRUE,TRUE
1f7ba75a-46c3-4707-a29d-4d155d27a4ba,Acacia Vegan Leather Laptop Sleeve - Black,9200,7360,20,TRUE,915a7c0b-6db5-415a-bf8a-c32f573e9be3,eb232420-804d-4165-9cbe-8266ababcbee,,7,0,46,0,TRUE,TRUE
3e7ecea3-cc32-4056-9a2d-2da565049e06,The Grow Light Planter,4789,4789,0,FALSE,60219f13-e7c0-4933-bd9c-5c2650419402,0181774c-41c6-439d-8d53-75c3848e2a54,,6,0,45,0,TRUE,TRUE
69e98908-3669-4e0b-934a-2b1030e3eea2,Pro Sling Crossbody Bag (2L),750,750,0,FALSE,52b7dc62-fb6e-4ee6-aa42-9ad51caa319d,2744b95e-36ee-4abb-b896-225a7d22d728,Made in India|Warranty,8,0,44,0,TRUE,TRUE
60a2e3ec-266b-4fa6-b6da-b8869a760b7f,Coffee Brown Cup,1999,1999,0,FALSE,60219f13-e7c0-4933-bd9c-5c2650419402,c10c83eb-1d7e-4f3d-bbbd-92a3fbcc3b0a,,4,0,44,0,TRUE,TRUE
958e682d-ed8b-4911-9426-40730bd24d82,Firstdraft Note. Powered by AI.,899,899,0,FALSE,60219f13-e7c0-4933-bd9c-5c2650419402,eb232420-804d-4165-9cbe-8266ababcbee,,9,0,43,0,TRUE,TRUE
fcd1bac2-093a-419c-819b-b48a20e10741,Whey91 Strawberry Splash Protein Bars - 20g Protein 7.2g Fibre (Pack of 6 bars),599,599,0,FALSE,60219f13-e7c0-4933-bd9c-5c2650419402,36b291ec-3666-4da1-9f51-82fa2df373a5,,10,0,43,0,TRUE,TRUE
69aa9b9c-97de-42df-8cca-b07c530efd84,Serum + Sunscreen Duo,4750,4750,0,FALSE,60219f13-e7c0-4933-bd9c-5c2650419402,eb232420-804d-4165-9cbe-8266ababcbee,,5,0,43,0,TRUE,TRUE
63202375-d1a5-4bbe-8eab-df2beb381293,FROSTED PRESSING HOOP/CUFF (BLACK NON-PIERCED),399,359.1,10,TRUE,add0588c-9141-496a-90c0-b2e3053342b2,eb232420-804d-4165-9cbe-8266ababcbee,Jewellery|Aesthetic,4,0,42,1,TRUE,TRUE
19540a8c-2916-4d31-aca8-d53b92ab0cd3,Bouche Print Oversized White T-shirt,999,999,0,FALSE,60219f13-e7c0-4933-bd9c-5c2650419402,c89321cf-e6f1-4f98-a0d9-beb4e54ed535,Made in India,5,0,41,1,TRUE,TRUE
625108df-4807-4a26-a53c-dae903e680c4,Coffee Before Commitment Flask,1500,1500,0,FALSE,60219f13-e7c0-4933-bd9c-5c2650419402,c10c83eb-1d7e-4f3d-bbbd-92a3fbcc3b0a,,5,0,41,0,TRUE,TRUE
228ff97a-bfbe-4d06-a950-172d6a931760,Aero Long Sleeve with Thumb Hole â€“ Dusty Fig,1999,1999,0,FALSE,60219f13-e7c0-4933-bd9c-5c2650419402,c89321cf-e6f1-4f98-a0d9-beb4e54ed535,,8,0,40,0,TRUE,TRUE
c657042c-5fe6-4442-96aa-d327bac8e26b,Restore your Sleep THINS,1334,1334,0,FALSE,60219f13-e7c0-4933-bd9c-5c2650419402,36b291ec-3666-4da1-9f51-82fa2df373a5,,12,0,40,0,TRUE,TRUE
ab7f32ed-3af1-47ba-a2eb-f6fb357dc839,Spider-Man Edge Wireless Speaker,1699,1614.05,5,FALSE,60219f13-e7c0-4933-bd9c-5c2650419402,2744b95e-36ee-4abb-b896-225a7d22d728,Made in India|Durable,8,0,39,0,TRUE,TRUE
bf203052-de24-4658-b1fa-62721bb66d58,Car Mini Analog Clock,499,499,0,FALSE,60219f13-e7c0-4933-bd9c-5c2650419402,eb232420-804d-4165-9cbe-8266ababcbee,,4,0,39,0,TRUE,TRUE
30a9be7e-1190-4082-91cb-d67bc01d4248,Iris - Gingerbread & Black,2400,1920,20,TRUE,915a7c0b-6db5-415a-bf8a-c32f573e9be3,eb232420-804d-4165-9cbe-8266ababcbee,Vegan Leather|Women Owned,5,0,38,0,TRUE,TRUE
13afd989-172e-47e4-bc53-384b3268886c,Whey Protein - Chocolate with Pink Himalayan Salt,3299,3299,0,FALSE,60219f13-e7c0-4933-bd9c-5c2650419402,36b291ec-3666-4da1-9f51-82fa2df373a5,,6,0,34,0,TRUE,TRUE
c3b4089f-fce3-4e15-88ec-fa7903c1ee2c,Never Have I Ever Cards,399,399,0,FALSE,60219f13-e7c0-4933-bd9c-5c2650419402,a7d02d6f-c19e-4490-a4e9-702fcdfbe9cd,,3,0,34,0,TRUE,TRUE
b1125f6e-ec67-4b8d-a994-5ae621296aad,Juniper Vegan Leather Sling Bag - Black,7450,5960,20,TRUE,915a7c0b-6db5-415a-bf8a-c32f573e9be3,eb232420-804d-4165-9cbe-8266ababcbee,,6,0,34,0,TRUE,TRUE
831006ee-7e1d-4afa-b431-71938da25b02,ROUND BLACK STUD - (MAGNETIC NON-PIERCED),599,539.1,10,TRUE,add0588c-9141-496a-90c0-b2e3053342b2,eb232420-804d-4165-9cbe-8266ababcbee,Jewellery|Aesthetic,4,0,33,0,TRUE,TRUE
ac40b578-6536-450d-9371-3370475cd4b2,VICTORY LAP POLO T-SHIRT,1899,1709.1,10,TRUE,77b25ed0-28d3-4a7f-ad25-14cdea73fe35,c89321cf-e6f1-4f98-a0d9-beb4e54ed535,Made in India|240 GSM|Oversized fit,4,0,33,0,TRUE,TRUE
18ffefc7-9233-4143-8b14-894a20cd3f3e,Sirius // Magma,5250,5250,0,FALSE,60219f13-e7c0-4933-bd9c-5c2650419402,eb232420-804d-4165-9cbe-8266ababcbee,,8,0,32,0,TRUE,TRUE
5dccfcc0-2def-435d-b68b-da4a19f45f61,Lewis Hamilton F1 Racing Team Edition T-shirt 2.0 | Black 100% Cotton,1249,1249,0,FALSE,60219f13-e7c0-4933-bd9c-5c2650419402,c89321cf-e6f1-4f98-a0d9-beb4e54ed535,Aesthetic,3,0,32,0,TRUE,TRUE
fd18b0b1-79fc-4d4c-8f23-7ae52efd3ca5,Black Graffiti Sweatshirt,2399,2399,0,FALSE,60219f13-e7c0-4933-bd9c-5c2650419402,c89321cf-e6f1-4f98-a0d9-beb4e54ed535,,7,0,31,0,TRUE,TRUE
2fb3c42f-eac0-4a83-a3cd-b266a78bd7c9,Acacia Vegan Leather Laptop Sleeve - Olive,9200,7360,20,TRUE,915a7c0b-6db5-415a-bf8a-c32f573e9be3,eb232420-804d-4165-9cbe-8266ababcbee,,7,0,30,0,TRUE,TRUE
b12e5a2f-1d00-48f1-ab4b-c8fc48cea479,"Iris Vegan Leather Cardholder - Tawny Brown, Tan Matt",1800,1440,20,TRUE,915a7c0b-6db5-415a-bf8a-c32f573e9be3,eb232420-804d-4165-9cbe-8266ababcbee,Vegan Leather|Women Owned,3,0,30,0,TRUE,TRUE
efacdada-382f-488c-968c-229259fbd999,Fresh Reset Body Duo,1900,1900,0,FALSE,60219f13-e7c0-4933-bd9c-5c2650419402,aa10186a-f3a1-48e7-bff0-93d314f200a3,,8,0,30,0,TRUE,TRUE
dc846156-5c3b-4812-b00c-d0c5a8928c9e,Paradise Sweater,899,899,0,FALSE,60219f13-e7c0-4933-bd9c-5c2650419402,c89321cf-e6f1-4f98-a0d9-beb4e54ed535,,6,0,29,0,TRUE,TRUE
4ceef472-145e-4575-b941-21dcf05b66cb,Sotally Tober,899,899,0,FALSE,60219f13-e7c0-4933-bd9c-5c2650419402,c89321cf-e6f1-4f98-a0d9-beb4e54ed535,,4,0,29,0,TRUE,TRUE
960c0d5c-8d50-4495-90ab-b66907c62ad7,Aurora Prism,1650,1650,0,FALSE,60219f13-e7c0-4933-bd9c-5c2650419402,0181774c-41c6-439d-8d53-75c3848e2a54,,4,1,29,0,TRUE,TRUE
e328baa7-e7c4-48c3-8739-c941b6cdd094,Day-care routine - set of 2,1098,1098,0,FALSE,60219f13-e7c0-4933-bd9c-5c2650419402,8045bd2c-d72c-42c8-9152-6cc6a8c62075,,5,0,29,0,TRUE,TRUE
374d28c1-40c9-4677-8737-2dcb93fc8bbe,BRASIL ðŸ‡§ðŸ‡· TANK TOP,1299,1299,0,FALSE,60219f13-e7c0-4933-bd9c-5c2650419402,c89321cf-e6f1-4f98-a0d9-beb4e54ed535,,9,0,28,0,TRUE,TRUE
87de4381-b4d5-407c-b1e8-82f6dd0845e0,Snugs 1 Dior,2250,2250,0,FALSE,60219f13-e7c0-4933-bd9c-5c2650419402,eb232420-804d-4165-9cbe-8266ababcbee,,5,0,28,0,TRUE,TRUE
817b0dbf-4f7c-4e3b-bbd1-a0bec33a98f1,ANCHOR PENDANT WITH CHAIN (SILVER),1199,1079.1,10,TRUE,add0588c-9141-496a-90c0-b2e3053342b2,eb232420-804d-4165-9cbe-8266ababcbee,Jewellery|Aesthetic,4,0,28,0,TRUE,TRUE
5ea4b41d-92a6-403d-afab-ad701c20581e,Fresh Reset Body Cleanser,900,900,0,FALSE,60219f13-e7c0-4933-bd9c-5c2650419402,aa10186a-f3a1-48e7-bff0-93d314f200a3,,10,0,27,0,TRUE,TRUE
e9e33059-acfa-4520-8d64-4afdc46a8f49,MICRO FLAT TWISTED BRACELET (SILVER),599,539.1,10,TRUE,add0588c-9141-496a-90c0-b2e3053342b2,eb232420-804d-4165-9cbe-8266ababcbee,Jewellery|Aesthetic,3,0,27,0,TRUE,TRUE
5b42f3c6-5636-4668-b227-71a3e940de14,Cats Playing Cards A5 Notebook,499,499,0,FALSE,60219f13-e7c0-4933-bd9c-5c2650419402,6907dbae-a491-45ef-a7ca-d4a5f7066b98,,2,0,27,0,TRUE,TRUE
5c2bd1d5-5b61-402b-a29b-1af7bf635fe8,TRIDENT PENDANT WITH CHAIN (GOLD),799,719.1,10,TRUE,add0588c-9141-496a-90c0-b2e3053342b2,eb232420-804d-4165-9cbe-8266ababcbee,Jewellery|Aesthetic,4,0,26,0,TRUE,TRUE
ad5cf66f-a5de-4a3b-9d36-fb7fc9643eb0,CUBAN BRACELET 8MM (SILVER),899,809.1,10,TRUE,add0588c-9141-496a-90c0-b2e3053342b2,eb232420-804d-4165-9cbe-8266ababcbee,Jewellery|Aesthetic,3,0,26,0,TRUE,TRUE
ad592089-83de-481d-80a5-0bd2915e4b86,PRESSING HOOP - (GOLD UNPIERCED),299,269.1,10,TRUE,add0588c-9141-496a-90c0-b2e3053342b2,eb232420-804d-4165-9cbe-8266ababcbee,Jewellery|Aesthetic,7,0,26,0,TRUE,TRUE
ae920097-18f4-4333-96ed-cfd58e8f281d,DOG TAG CHAIN (GOLD),999,899.1,10,TRUE,add0588c-9141-496a-90c0-b2e3053342b2,eb232420-804d-4165-9cbe-8266ababcbee,Jewellery|Aesthetic,4,0,26,0,TRUE,TRUE
df984f90-c426-475e-a87c-369084f8101c,Moonchild Pixel Art Oversized Off-White T-shirt,1049,1049,0,FALSE,60219f13-e7c0-4933-bd9c-5c2650419402,c89321cf-e6f1-4f98-a0d9-beb4e54ed535,,7,0,26,0,TRUE,TRUE
2d8b8a43-0125-4ac2-a8ad-2ecf27cf4f7d,FROSTED HOOP - (SILVER PIERCED),399,359.1,10,TRUE,add0588c-9141-496a-90c0-b2e3053342b2,eb232420-804d-4165-9cbe-8266ababcbee,Jewellery|Aesthetic,6,0,26,1,TRUE,TRUE
3a459729-ce85-49c9-b698-8d28763e0557,Juniper Vegan Leather Sling Bag - Green,7450,5960,20,TRUE,915a7c0b-6db5-415a-bf8a-c32f573e9be3,eb232420-804d-4165-9cbe-8266ababcbee,,4,0,25,0,TRUE,TRUE
afd7c89a-4e86-482a-afe4-4524d3b98155,Gengar Controller Stand for PS5,749,749,0,TRUE,60219f13-e7c0-4933-bd9c-5c2650419402,eb232420-804d-4165-9cbe-8266ababcbee,,2,0,25,0,TRUE,TRUE
d827b1ef-9162-4c72-8b36-df0d6b48c1f1,Ajax Vegan Leather Duffle Bag - Black & Green,15800,12640,20,TRUE,915a7c0b-6db5-415a-bf8a-c32f573e9be3,eb232420-804d-4165-9cbe-8266ababcbee,,7,0,25,0,TRUE,TRUE
d969f9ac-87da-4e24-a537-e79c5f2fbb95,VINYL RECORDS - TYLER THE CREATOR,1499,1424.05,5,TRUE,ede98d11-07c8-4a2c-a827-7e370f566e01,0181774c-41c6-439d-8d53-75c3848e2a54,Aesthetic,4,0,24,0,TRUE,TRUE
44e963d5-4790-4ee6-9f94-aad98cf0f8ae,Hollow Knight Controller Stand for Xbox & Playstation,649,649,0,TRUE,60219f13-e7c0-4933-bd9c-5c2650419402,a7d02d6f-c19e-4490-a4e9-702fcdfbe9cd,,4,0,24,0,TRUE,TRUE
c03c61bb-0eb0-4540-9c7b-79e445d5c559,FIGARO BRACELET (SILVER),599,539.1,10,TRUE,add0588c-9141-496a-90c0-b2e3053342b2,eb232420-804d-4165-9cbe-8266ababcbee,Jewellery|Aesthetic,4,0,24,0,TRUE,TRUE
cd4e5834-3bea-4fae-9f4a-329272f92fb7,BYZANTINE CHAIN (SILVER),1099,989.1,10,TRUE,add0588c-9141-496a-90c0-b2e3053342b2,eb232420-804d-4165-9cbe-8266ababcbee,Jewellery|Aesthetic,4,0,24,0,TRUE,TRUE
75efaae9-6ca3-4e54-9f21-bebc9ee7e9f5,THIN CUBAN CHAIN (GOLD),799,719.1,10,TRUE,add0588c-9141-496a-90c0-b2e3053342b2,eb232420-804d-4165-9cbe-8266ababcbee,Jewellery|Aesthetic,5,0,24,0,TRUE,TRUE
0f75c4d9-a967-4642-a8e8-63b46a2aa45e,Frida Retro Sketchbook,699,699,0,FALSE,60219f13-e7c0-4933-bd9c-5c2650419402,6907dbae-a491-45ef-a7ca-d4a5f7066b98,,2,0,24,0,TRUE,TRUE
435d7533-7a55-4dd4-a5e7-83655071491f,Wheat Bracelet (SILVER),599,539.1,10,TRUE,add0588c-9141-496a-90c0-b2e3053342b2,eb232420-804d-4165-9cbe-8266ababcbee,Jewellery|Aesthetic,4,0,23,0,TRUE,TRUE
9762e9fc-bb86-4e50-b2af-870bdea5fb19,WHEAT BRACELET (GOLD),599,539.1,10,TRUE,add0588c-9141-496a-90c0-b2e3053342b2,eb232420-804d-4165-9cbe-8266ababcbee,Jewellery|Aesthetic,4,0,23,0,TRUE,TRUE
75881b12-d248-4464-a59d-48ba7ed82cc1,REDBULL JACKET,1999,1999,0,FALSE,60219f13-e7c0-4933-bd9c-5c2650419402,eb232420-804d-4165-9cbe-8266ababcbee,,8,0,23,0,TRUE,TRUE
f283812a-eab9-42b9-b815-d1ca3be0ed1f,Cocktail Premix Combo Pack (Makes 4 Drinks),700,700,0,FALSE,60219f13-e7c0-4933-bd9c-5c2650419402,36b291ec-3666-4da1-9f51-82fa2df373a5,,8,0,23,0,TRUE,TRUE
e0c75f1b-186d-486d-bd63-876889b60854,Regular Assorted Sachets 15g Plant Protein - Pack of 12,1140,1140,0,FALSE,60219f13-e7c0-4933-bd9c-5c2650419402,36b291ec-3666-4da1-9f51-82fa2df373a5,,8,0,22,0,TRUE,TRUE
e0c75f1b-186d-486d-bd63-876889b60854,Regular Assorted Sachets 15g Plant Protein - Pack of 12,1140,1140,0,FALSE,60219f13-e7c0-4933-bd9c-5c2650419402,36b291ec-3666-4da1-9f51-82fa2df373a5,,8,0,22,0,TRUE,TRUE
91bc7157-6fb1-477c-a6d0-dd5e4ada4edf,MORE LIFE MIRROR,2199,2089.05,5,TRUE,ede98d11-07c8-4a2c-a827-7e370f566e01,0181774c-41c6-439d-8d53-75c3848e2a54,Aesthetic,6,0,22,1,TRUE,TRUE
1f7e37aa-1389-489d-ae08-538d0daecc15,Cat Love Unisex Oversized Both Side Printed Hoodie,2499,2499,0,FALSE,60219f13-e7c0-4933-bd9c-5c2650419402,c89321cf-e6f1-4f98-a0d9-beb4e54ed535,,8,0,22,0,TRUE,TRUE
72fe3362-cf50-4aaa-96dd-5e79b2ce859a,Cherry Earrings,799,799,0,FALSE,60219f13-e7c0-4933-bd9c-5c2650419402,eb232420-804d-4165-9cbe-8266ababcbee,,6,1,22,0,TRUE,TRUE
80717018-8d9f-48b9-b250-6d19c583d6ff,FROSTED HOOP - (GOLD PIERCED),399,359.1,10,TRUE,add0588c-9141-496a-90c0-b2e3053342b2,eb232420-804d-4165-9cbe-8266ababcbee,Jewellery|Aesthetic,3,0,22,0,TRUE,TRUE
acd2a3cc-f5d2-4c82-b4a2-2d787e464d91,PRESSING HOOP (BLACK UNPIERCED),299,269.1,10,TRUE,add0588c-9141-496a-90c0-b2e3053342b2,eb232420-804d-4165-9cbe-8266ababcbee,Jewellery|Aesthetic,6,0,21,1,TRUE,TRUE
7ab87b1a-1807-4954-8ef6-9e52a2910d2d,The Bands By NÃ¤ck,933,933,0,FALSE,60219f13-e7c0-4933-bd9c-5c2650419402,ba4ed8a0-5dac-4390-bc61-9446e374ab3b,,4,1,21,0,TRUE,TRUE
509aec6b-2a28-48e7-bf28-e8ab2ae4002b,SPARTAN PENDANT WITH CHAIN,999,899.1,10,TRUE,add0588c-9141-496a-90c0-b2e3053342b2,eb232420-804d-4165-9cbe-8266ababcbee,Jewellery|Aesthetic,4,0,21,0,TRUE,TRUE
56403350-806e-4231-9f7f-ec8012e12a4c,MICRO FLAT TWISTED BRACELET (GOLD),599,539.1,10,TRUE,add0588c-9141-496a-90c0-b2e3053342b2,eb232420-804d-4165-9cbe-8266ababcbee,Jewellery|Aesthetic,3,0,21,0,TRUE,TRUE
8f5022b0-0b64-4ad9-882f-f8fac94e9e4a,MICRO PULSE BRACELET (SILVER),599,539.1,10,TRUE,add0588c-9141-496a-90c0-b2e3053342b2,eb232420-804d-4165-9cbe-8266ababcbee,Jewellery|Aesthetic,2,0,20,0,TRUE,TRUE
c01c343b-4b07-4fcb-9368-374a50366f22,ANCHOR PENDANT WITH CHAIN (GOLD),1199,1079.1,10,FALSE,add0588c-9141-496a-90c0-b2e3053342b2,eb232420-804d-4165-9cbe-8266ababcbee,,4,0,19,0,TRUE,TRUE
25a1dac3-2626-4249-92fb-fd124d45671f,Neith - Green & Cork,2700,2160,20,TRUE,915a7c0b-6db5-415a-bf8a-c32f573e9be3,eb232420-804d-4165-9cbe-8266ababcbee,Vegan Leather|Women Owned,8,0,19,0,TRUE,TRUE
2b34beb7-a7a0-4a58-88cd-c4e4c375a6f3,BOX CHAIN (SILVER),799,719.1,10,TRUE,add0588c-9141-496a-90c0-b2e3053342b2,eb232420-804d-4165-9cbe-8266ababcbee,Jewellery|Aesthetic,4,0,19,0,TRUE,TRUE
8e331968-7b62-4e9b-a910-7af562382eff,Sustainable Vegan Leather Passport Holder - Tan,1950,1560,20,TRUE,915a7c0b-6db5-415a-bf8a-c32f573e9be3,eb232420-804d-4165-9cbe-8266ababcbee,Vegan Leather|Women Owned,9,0,19,0,TRUE,TRUE
23baf98e-e970-4b26-9989-bcde02f1a80c,VINYL RECORDS - ROCK,1499,1424.05,5,TRUE,ede98d11-07c8-4a2c-a827-7e370f566e01,0181774c-41c6-439d-8d53-75c3848e2a54,Aesthetic,11,0,19,1,TRUE,TRUE
e40e565a-0472-4235-9fbb-73cab203db12,ROPE CHAIN (SILVER),799,719.1,10,TRUE,add0588c-9141-496a-90c0-b2e3053342b2,eb232420-804d-4165-9cbe-8266ababcbee,Jewellery|Aesthetic,4,0,18,0,TRUE,TRUE
e01e396e-d817-4552-be74-08be3446f513,COMPASS PENDANT WITH CHAIN,999,899.1,10,TRUE,add0588c-9141-496a-90c0-b2e3053342b2,eb232420-804d-4165-9cbe-8266ababcbee,Jewellery|Aesthetic,4,0,18,0,TRUE,TRUE
5f7fd375-ed1f-402b-ba1d-7690187cbbf3,Ditch-The-Frizz (3 Step Routine),1699,1699,0,FALSE,60219f13-e7c0-4933-bd9c-5c2650419402,aa10186a-f3a1-48e7-bff0-93d314f200a3,,5,0,18,0,TRUE,TRUE
53c027a8-e434-4706-b246-8a604a60d0ac,WHEAT CHAIN (GOLD),799,719.1,10,TRUE,add0588c-9141-496a-90c0-b2e3053342b2,eb232420-804d-4165-9cbe-8266ababcbee,Jewellery|Aesthetic,5,0,18,0,TRUE,TRUE
ddfec888-4c51-42d6-8fb0-c75d0e10ebc9,Lemon Life,899,899,0,FALSE,60219f13-e7c0-4933-bd9c-5c2650419402,c89321cf-e6f1-4f98-a0d9-beb4e54ed535,,4,0,17,0,TRUE,TRUE
53491930-5ecc-4e79-a4dc-78195b7f9cfb,MUSIC CD DECOR SET - ALTERNATIVE,599,569.05,5,TRUE,ede98d11-07c8-4a2c-a827-7e370f566e01,0181774c-41c6-439d-8d53-75c3848e2a54,Aesthetic,4,0,17,0,TRUE,TRUE
fcd33d03-6944-4513-b851-73e656c3946a,PRESSING HOOP - (SILVER UNPIERCED),299,269.1,10,TRUE,add0588c-9141-496a-90c0-b2e3053342b2,eb232420-804d-4165-9cbe-8266ababcbee,Jewellery|Aesthetic,7,0,17,0,TRUE,TRUE
7b21e9bd-7b46-4c23-bada-205ba050016d,VINYL RECORDS - CIGARETTES AFTER SEX,1499,1424.05,5,TRUE,ede98d11-07c8-4a2c-a827-7e370f566e01,0181774c-41c6-439d-8d53-75c3848e2a54,Aesthetic,1,0,17,0,TRUE,TRUE
b31c581b-b5ad-4aad-8f8c-2354d8fa6b0a,Angel Jacquard Sweater,3699,3329.1,10,TRUE,77b25ed0-28d3-4a7f-ad25-14cdea73fe35,c89321cf-e6f1-4f98-a0d9-beb4e54ed535,Made in India|240 GSM|Oversized fit,6,0,17,0,TRUE,TRUE
2e333fb6-8bdc-4539-8fa5-9123c97f1965,Matcha Cooler,325,325,0,FALSE,60219f13-e7c0-4933-bd9c-5c2650419402,eb232420-804d-4165-9cbe-8266ababcbee,,2,0,16,0,TRUE,TRUE
72f0e37f-9ab6-4d0c-829f-0b08e4c1dfd9,ROUND STUD - (MAGNETIC NON-PIERCED),499,449.1,10,TRUE,add0588c-9141-496a-90c0-b2e3053342b2,eb232420-804d-4165-9cbe-8266ababcbee,Jewellery|Aesthetic,8,0,16,0,TRUE,TRUE
6ea2d733-e762-4631-92c0-4260f4652f25,FIGARO BRACELET (GOLD),599,539.1,10,TRUE,add0588c-9141-496a-90c0-b2e3053342b2,eb232420-804d-4165-9cbe-8266ababcbee,Jewellery|Aesthetic,5,0,16,0,TRUE,TRUE
b649be4c-03c6-4b36-b6ec-1b151b8dab3b,TENNIS CHAIN (20 INCH),1299,1169.1,10,TRUE,add0588c-9141-496a-90c0-b2e3053342b2,eb232420-804d-4165-9cbe-8266ababcbee,Jewellery|Aesthetic,4,0,16,0,TRUE,TRUE
fd5aec38-1e70-4176-8c4f-3bc437f492aa,Aero Leggings Alfa Beige,2799,2799,0,FALSE,60219f13-e7c0-4933-bd9c-5c2650419402,aa10186a-f3a1-48e7-bff0-93d314f200a3,,12,0,16,0,TRUE,TRUE
53dbf614-16d5-428f-a3ce-b2ec88c77706,NO PIERCING EARRING COMBO,999,899.1,10,TRUE,add0588c-9141-496a-90c0-b2e3053342b2,eb232420-804d-4165-9cbe-8266ababcbee,Jewellery|Aesthetic,16,0,16,0,TRUE,TRUE
dc45ded3-062c-42f9-84d7-0b9d0494647f,PEARL HALF & HALF BRACELET (GOLD),799,719.1,10,TRUE,add0588c-9141-496a-90c0-b2e3053342b2,eb232420-804d-4165-9cbe-8266ababcbee,Jewellery|Aesthetic,3,0,16,0,TRUE,TRUE
4881abbb-5d70-467a-b74e-9c19c464a198,ROUND GOLD STUD - (MAGNETIC NON-PIERCED),599,539.1,10,TRUE,add0588c-9141-496a-90c0-b2e3053342b2,eb232420-804d-4165-9cbe-8266ababcbee,Jewellery|Aesthetic,4,0,16,0,TRUE,TRUE
50c8eb5b-ff25-4067-8239-8d401f9f0832,VINYL RECORDS - INDIE ROCK,1499,1424.05,5,TRUE,ede98d11-07c8-4a2c-a827-7e370f566e01,0181774c-41c6-439d-8d53-75c3848e2a54,Aesthetic,3,0,15,0,TRUE,TRUE
f86d4752-6bad-4bcd-bbbc-7f983c1c3422,Soulshoe is Red,3398,3398,0,FALSE,60219f13-e7c0-4933-bd9c-5c2650419402,ba4ed8a0-5dac-4390-bc61-9446e374ab3b,,3,1,15,0,TRUE,TRUE
51a59489-23f4-43b2-ba59-393b313ed6d1,BYZANTINE BRACELET (SILVER),899,809.1,10,TRUE,add0588c-9141-496a-90c0-b2e3053342b2,eb232420-804d-4165-9cbe-8266ababcbee,Jewellery|Aesthetic,3,0,15,0,TRUE,TRUE
c2129a41-75f1-422a-b962-c94ebd39bad8,FLASH PENDANT WITH CHAIN (SILVER),799,719.1,10,TRUE,add0588c-9141-496a-90c0-b2e3053342b2,eb232420-804d-4165-9cbe-8266ababcbee,Jewellery|Aesthetic,4,0,15,0,TRUE,TRUE
524632b7-60eb-4211-91cb-2c1551f47f44,VINYL RECORDS - LANA DEL REY,1499,1424.05,5,TRUE,ede98d11-07c8-4a2c-a827-7e370f566e01,0181774c-41c6-439d-8d53-75c3848e2a54,Aesthetic,7,0,14,0,TRUE,TRUE
5ed7f879-6836-4968-8f91-918971297372,WHEAT CHAIN (SILVER),799,719.1,10,TRUE,add0588c-9141-496a-90c0-b2e3053342b2,eb232420-804d-4165-9cbe-8266ababcbee,Jewellery|Aesthetic,4,0,14,0,TRUE,TRUE
caf7c141-8e41-4776-88c6-859903e1896f,Lana Vegan Leather Sling Bag,8600,6880,20,TRUE,915a7c0b-6db5-415a-bf8a-c32f573e9be3,eb232420-804d-4165-9cbe-8266ababcbee,,6,0,14,0,TRUE,TRUE
4f11452a-3f92-4051-ae34-fac4e82a6e7b,VINYL RECORDS - THE SMITHS,1499,1424.05,5,TRUE,ede98d11-07c8-4a2c-a827-7e370f566e01,0181774c-41c6-439d-8d53-75c3848e2a54,Aesthetic,2,0,14,0,TRUE,TRUE
7ed69b0e-eb70-4ea0-b667-6b7bb8df6fe5,SQUARE STUD - (MAGNETIC NON-PIERCED),499,449.1,10,TRUE,add0588c-9141-496a-90c0-b2e3053342b2,eb232420-804d-4165-9cbe-8266ababcbee,Jewellery|Aesthetic,7,0,13,0,TRUE,TRUE
9819a8ec-6273-4692-97a5-ad89a7e14295,VINYL RECORDS - THE WEEKND,1499,1424.05,5,TRUE,ede98d11-07c8-4a2c-a827-7e370f566e01,0181774c-41c6-439d-8d53-75c3848e2a54,Aesthetic,7,0,12,0,TRUE,TRUE
07956d30-7641-45d6-a30a-d1da3acc24fb,CIPHER PENDANT WITH CHAIN (GOLD),1199,1079.1,10,TRUE,add0588c-9141-496a-90c0-b2e3053342b2,eb232420-804d-4165-9cbe-8266ababcbee,Jewellery|Aesthetic,4,0,12,0,TRUE,TRUE
083d07f5-55f8-4c6a-a0fd-72283fb0049a,VINYL RECORD - ROCKSTAR (THE FILM),1499,1424.05,5,TRUE,ede98d11-07c8-4a2c-a827-7e370f566e01,0181774c-41c6-439d-8d53-75c3848e2a54,Aesthetic,4,0,12,0,TRUE,TRUE
63abda0f-77f0-4d29-9342-ba50c34a83b7,VINYL RECORDS - LINKIN PARK,1499,1424.05,5,TRUE,ede98d11-07c8-4a2c-a827-7e370f566e01,0181774c-41c6-439d-8d53-75c3848e2a54,Aesthetic,5,0,12,0,TRUE,TRUE
3c30faa9-3aeb-42e8-9e23-dbab09106aa2,FIGARO CHAIN (SILVER),799,719.1,10,TRUE,add0588c-9141-496a-90c0-b2e3053342b2,eb232420-804d-4165-9cbe-8266ababcbee,Jewellery|Aesthetic,4,0,11,0,TRUE,TRUE
aed70bf9-787d-4d66-b05c-3592239c1403,TENNIS CHAIN (22 INCH),1499,1349.1,10,TRUE,add0588c-9141-496a-90c0-b2e3053342b2,eb232420-804d-4165-9cbe-8266ababcbee,Jewellery|Aesthetic,4,0,11,0,TRUE,TRUE
833ad402-4039-48de-bcf6-ead4817c450d,FROSTED HOOP - (BLACK PIERCED),399,359.1,10,TRUE,add0588c-9141-496a-90c0-b2e3053342b2,eb232420-804d-4165-9cbe-8266ababcbee,Jewellery|Aesthetic,5,0,11,0,TRUE,TRUE
b998ee24-8873-439a-8ea4-f83748f49640,VINYL RECORDS - KENDRICK LAMAR,1499,1424.05,5,TRUE,ede98d11-07c8-4a2c-a827-7e370f566e01,0181774c-41c6-439d-8d53-75c3848e2a54,Aesthetic,9,0,11,0,TRUE,TRUE
a9e776d6-1e99-4c14-9713-6adf0184df8d,MICRO LINK BRACELET (GOLD),599,539.1,10,TRUE,add0588c-9141-496a-90c0-b2e3053342b2,eb232420-804d-4165-9cbe-8266ababcbee,Jewellery|Aesthetic,2,0,10,0,TRUE,TRUE
c2511c0c-a7a4-4319-856c-75cb1cfcfb3e,ROPE BRACELET (SILVER),599,539.1,10,TRUE,add0588c-9141-496a-90c0-b2e3053342b2,eb232420-804d-4165-9cbe-8266ababcbee,Jewellery|Aesthetic,4,0,10,0,TRUE,TRUE
a9e776d6-1e99-4c14-9713-6adf0184df8d,MICRO LINK BRACELET (GOLD),599,539.1,10,TRUE,add0588c-9141-496a-90c0-b2e3053342b2,eb232420-804d-4165-9cbe-8266ababcbee,Jewellery|Aesthetic,2,0,10,0,TRUE,TRUE
66897147-ab84-4544-a4c3-b1d2f3200bd0,FLAT SNAKE Bracelet (GOLD),599,539.1,10,TRUE,add0588c-9141-496a-90c0-b2e3053342b2,eb232420-804d-4165-9cbe-8266ababcbee,Jewellery|Aesthetic,5,0,9,0,TRUE,TRUE
09a0f16c-cd75-4e8b-afb4-7adb87cd7df2,FLAT SNAKE Bracelet (SILVER),599,539.1,10,TRUE,add0588c-9141-496a-90c0-b2e3053342b2,eb232420-804d-4165-9cbe-8266ababcbee,Jewellery|Aesthetic,4,0,9,0,TRUE,TRUE
b90e485e-9ae2-45a2-9669-f3215802ba75,VINYL RECORDS - FRANK OCEAN,1499,1424.05,5,TRUE,ede98d11-07c8-4a2c-a827-7e370f566e01,0181774c-41c6-439d-8d53-75c3848e2a54,Aesthetic,6,0,9,0,TRUE,TRUE
640db733-11fd-43b2-a314-2be8cf9641d0,VINYL RECORDS - BILLIE EILISH,1499,1424.05,5,TRUE,ede98d11-07c8-4a2c-a827-7e370f566e01,0181774c-41c6-439d-8d53-75c3848e2a54,Aesthetic,4,0,9,0,TRUE,TRUE
6948a715-b2e5-4583-9d05-fcc9639df48a,CIPHER PENDANT WITH CHAIN (SILVER),1199,1079.1,10,TRUE,add0588c-9141-496a-90c0-b2e3053342b2,eb232420-804d-4165-9cbe-8266ababcbee,Jewellery|Aesthetic,4,0,8,0,TRUE,TRUE
c32a4048-e2d7-44bb-bb70-bf0fcb52fce1,MICRO CUBAN BRACELET (SILVER),599,539.1,10,TRUE,add0588c-9141-496a-90c0-b2e3053342b2,eb232420-804d-4165-9cbe-8266ababcbee,Jewellery|Aesthetic,3,0,8,0,TRUE,TRUE
9e0b8901-e40c-470f-8e16-1f6c2de24f5f,MUSIC CD DECOR SET - ROCK,599,569.05,5,TRUE,ede98d11-07c8-4a2c-a827-7e370f566e01,0181774c-41c6-439d-8d53-75c3848e2a54,Aesthetic,4,0,8,0,TRUE,TRUE
e3d97be6-b36e-4747-bd57-606213a98aa8,FLASH PENDANT WITH CHAIN (GOLD),799,719.1,10,TRUE,add0588c-9141-496a-90c0-b2e3053342b2,eb232420-804d-4165-9cbe-8266ababcbee,Jewellery|Aesthetic,4,0,7,0,TRUE,TRUE
0fbc2d63-55b7-4fe8-ac15-f45ba87e76b1,VINYL RECORDS - THE STROKES,1499,1424.05,5,TRUE,ede98d11-07c8-4a2c-a827-7e370f566e01,0181774c-41c6-439d-8d53-75c3848e2a54,Aesthetic,4,0,6,0,TRUE,TRUE
b7771312-809c-458a-ad08-549f5a2e1b37,VINYL RECORDS - ALTERNATIVE ROCK,1499,1424.05,5,TRUE,ede98d11-07c8-4a2c-a827-7e370f566e01,0181774c-41c6-439d-8d53-75c3848e2a54,Aesthetic,6,0,5,0,TRUE,TRUE
ef250b66-0b48-4892-95d0-38c32cfda7f9,VINYL RECORDS - MAC MILLER,1499,1424.05,5,TRUE,ede98d11-07c8-4a2c-a827-7e370f566e01,0181774c-41c6-439d-8d53-75c3848e2a54,Aesthetic,3,0,5,0,TRUE,TRUE
99d569e4-2128-4ba9-8592-2d1176f6ff2c,VINYL RECORDS - TV GIRL,1499,1424.05,5,TRUE,ede98d11-07c8-4a2c-a827-7e370f566e01,0181774c-41c6-439d-8d53-75c3848e2a54,Aesthetic,7,0,5,0,TRUE,TRUE
73701713-89e0-4048-92cf-bfc30e076437,ROPE CHAIN (GOLD),799,719.1,10,TRUE,add0588c-9141-496a-90c0-b2e3053342b2,eb232420-804d-4165-9cbe-8266ababcbee,Jewellery|Aesthetic,4,0,4,0,TRUE,TRUE
788e369f-8600-48f7-bf48-a7d76920b1f3,MUSIC CD DECOR SET - SOFTCORE,599,569.05,5,TRUE,ede98d11-07c8-4a2c-a827-7e370f566e01,0181774c-41c6-439d-8d53-75c3848e2a54,Aesthetic,4,0,2,0,TRUE,TRUE
